id,date,user,pc,activity
{X1D9-S0ES98JV-5357PWMI},01/02/2010 6:49,NGF0157,PC-6056,Logon
{G2B3-L6EJ61GT-2222RKSO},01/02/2010 6:50,LRR0148,PC-4275,Logon
{U6Q3-U0WE70UA-3770UREL},01/02/2010 6:53,LRR0148,PC-4124,Logon
{I0N5-R7NA26TG-6263KNGM},01/02/2010 7:00,IRM0931,PC-7188,Logon
{D1S0-N6FH62BT-5398KANK},01/02/2010 7:00,MOH0273,PC-6699,Logon
{S6P1-M4MK04BB-0722IITW},01/02/2010 7:07,LAP0338,PC-5758,Logon
{M6O6-F9UU11TJ-2166YVFU},01/02/2010 7:08,MHH0180,PC-9822,Logon
{D0P1-U5IU49QG-5472TMLI},01/02/2010 7:08,NOB0181,PC-3446,Logon
{F9K3-Q1PD92IU-5821IGXW},01/02/2010 7:13,AHC0142,PC-8893,Logon
{S9A0-A3DP89HG-6719JORU},01/02/2010 7:14,CTR0341,PC-6184,Logon
{S6C5-Q8LQ18VJ-5964MXZD},01/02/2010 7:24,LRR0148,PC-4124,Logoff
{T4V9-H6HS83AJ-0413XDBH},01/02/2010 7:33,ATE0869,PC-1313,Logon
{X8J7-C5RR89HJ-3099MTBF},01/02/2010 7:33,NWK0215,PC-8370,Logon
{A3S1-G2TO16YZ-2746OJBC},01/02/2010 7:34,HVB0037,PC-7979,Logon
{P3Y3-J4EZ51PP-3037PQQN},01/02/2010 7:37,ABC0174,PC-5156,Logon
{O0T8-Z7BV88CG-8773PFKG},01/02/2010 7:37,AJR0319,PC-4736,Logon
{R5X8-U7BE31CB-8813MEER},01/02/2010 7:37,JKJ0698,PC-1917,Logon
{R8J9-J1VI88YY-2363LSWW},01/02/2010 7:38,JCR0172,PC-6713,Logon
{B6U5-D6EI94XX-1850PJXM},01/02/2010 7:40,NOB0181,PC-4124,Logon
{H5R1-Y8KO77UR-4210WBRW},01/02/2010 7:46,HAD0246,PC-0926,Logon
{P8J8-N0SM22CA-4356ABQB},01/02/2010 7:46,RRC0553,PC-6672,Logon
{C8O2-W2WK72JT-7595MCKX},01/02/2010 7:46,NOB0181,PC-4124,Logoff
{A4W2-E9VG78GM-9142SACC},01/02/2010 7:48,IKP0472,PC-3842,Logon
{L2B2-V4MV73IE-9681TUFQ},01/02/2010 7:49,BRS0734,PC-4785,Logon
{Q9H8-Z4OA25HK-4955DEMY},01/02/2010 7:49,IKP0472,PC-4124,Logon
{Z4U9-Y5HD56WF-9971WEET},01/02/2010 7:50,HPH0075,PC-2417,Logon
{O7E3-S7AO07NC-9501XBDN},01/02/2010 7:52,RZC0746,PC-7500,Logon
{G6R4-M3PG67RO-6057NVVO},01/02/2010 7:56,ESJ0670,PC-2321,Logon
{A5J9-L3VK40FP-9218RVLH},01/02/2010 7:56,IIW0249,PC-0843,Logon
{H8Y6-T5YU02GK-7782UDSS},01/02/2010 7:56,JKF0465,PC-6797,Logon
{L5G2-J6DB45UQ-6549MBBE},01/02/2010 7:58,AMW0392,PC-6163,Logon
{Y3O8-G3RQ78NY-4956VLZZ},01/02/2010 7:58,IKP0472,PC-4124,Logoff
{V9Z3-O9WF77ML-5087YNRM},01/02/2010 8:00,IRM0931,PC-4124,Logon
{P6J9-O9VB08UA-4438WYRG},01/02/2010 8:05,HSB0196,PC-8001,Logon
{Q0C9-O0SK97VF-2901JTEV},01/02/2010 8:07,YIC0195,PC-9353,Logon
{W7W1-Z2GJ48AQ-3263DZPJ},01/02/2010 8:13,NAH0503,PC-8267,Logon
{L1D3-W6HU10XA-9256OPXU},01/02/2010 8:13,WPR0368,PC-9842,Logon
{R9J0-Y2UO10YB-5176EUWX},01/02/2010 8:15,JDC0030,PC-0246,Logon
{Q3W2-Z7JN57XZ-9964UHZP},01/02/2010 8:16,IRM0931,PC-4124,Logoff
{F0D6-A3TY28NV-0761OSGG},01/02/2010 8:18,HDD0806,PC-6032,Logon
{T5E9-I4LT41MQ-5313JWSE},01/02/2010 8:20,AOK0844,PC-4659,Logon
{I1S2-K5OX13ST-9590PKMV},01/02/2010 8:20,FKK0055,PC-0435,Logon
{V7A9-Y7LH41ZJ-2646VDXF},01/02/2010 8:20,JHP0583,PC-9083,Logon
{Y3V5-Q2UP92TQ-2975NODY},01/02/2010 8:22,RAW0915,PC-2113,Logon
{H1M6-G2OL25WR-4072DMLM},01/02/2010 8:24,SSJ0784,PC-0840,Logon
{X3S7-X2XU42NR-2762EEXB},01/02/2010 8:29,FOB0756,PC-6204,Logon
{O5R3-N0IW89SP-4967IIWF},01/02/2010 8:47,CJM0521,PC-6249,Logon
{G9T5-P3PL97SZ-3627KMDI},01/02/2010 8:52,HLH0512,PC-2288,Logon
{D2B5-T7KG62LO-3885YEJY},01/02/2010 8:53,BQS0525,PC-0269,Logon
{A2A0-L1VB61KD-7527DNFG},01/02/2010 8:54,BRB0355,PC-9896,Logon
{K3Q0-Z7YW31RE-2309YJPX},01/02/2010 8:54,IAR0694,PC-2804,Logon
{K9P7-X9NQ10UL-4304PVQD},01/02/2010 8:55,SMH0291,PC-3571,Logon
{K4R1-D8HW59NT-6976TTAY},01/02/2010 9:00,BDI0533,PC-5883,Logon
{Y0J2-Z8LN95PN-5467OUOP},01/02/2010 9:01,DAR0885,PC-1312,Logon
{T8J2-R8BN34GQ-6527KDNR},01/02/2010 9:09,ALB0892,PC-2744,Logon
{H3B1-S1YW87QV-8953UWJM},01/02/2010 9:55,NGF0157,PC-6056,Logon
{S6X4-G0XW88OE-8151WGJR},01/02/2010 9:57,IKP0472,PC-3842,Logon
{L4T8-T9IU13OH-2799XSWU},01/02/2010 11:03,RRC0553,PC-6672,Logon
{G1G1-I6JC97QS-6708BSTX},01/02/2010 11:21,MHH0180,PC-9822,Logon
{H4C6-U0UX24LV-8077DDJK},01/02/2010 11:33,LRR0148,PC-4275,Logon
{B3T0-G3JQ49JT-8866ERJV},01/02/2010 11:48,AHC0142,PC-8893,Logon
{M5H4-E5NJ35VF-9141ISID},01/02/2010 12:05,IRM0931,PC-7188,Logon
{D2E3-U0NC42RV-0947RNRZ},01/02/2010 12:18,FOB0756,PC-6204,Logon
{V0G6-H7UK52DH-4499LQOB},01/02/2010 12:21,SSJ0784,PC-0840,Logon
{W3J2-Q9AU40KA-1412DSHM},01/02/2010 12:29,HAD0246,PC-0926,Logon
{I8R9-W0BO34WJ-8577QEHK},01/02/2010 12:32,JHP0583,PC-9083,Logon
{U9K1-X0QS36TU-8757VUGH},01/02/2010 12:32,HDD0806,PC-6032,Logon
{T8H4-Q9FD09SQ-9327CYHA},01/02/2010 12:35,ATE0869,PC-1313,Logon
{Q8Z4-Q7VH55VA-1705KMJE},01/02/2010 12:39,NOB0181,PC-3446,Logon
{N3J3-F4KM92IM-3476IKHZ},01/02/2010 12:50,CTR0341,PC-6184,Logon
{Q3H5-A5UB15TA-3431LGCR},01/02/2010 12:58,NWK0215,PC-8370,Logon
{R2Q8-N2EM95EL-6983VGJM},01/02/2010 12:59,BDI0533,PC-5883,Logon
{B1Q6-K1BR11XT-2750SEDB},01/02/2010 12:59,AMW0392,PC-6163,Logon
{H5K4-J2YX40LS-9247ZSPG},01/02/2010 13:15,ABC0174,PC-5156,Logon
{X4D6-D0KQ14BH-6203LUIS},01/02/2010 13:19,BRB0355,PC-9896,Logon
{D7E9-L9CN00II-5107RCWQ},01/02/2010 13:23,HPH0075,PC-2417,Logon
{V8A0-V6HK70PV-4220QEPH},01/02/2010 13:28,JDC0030,PC-0246,Logon
{B4C2-V4TY58PB-2006VDDQ},01/02/2010 13:33,RZC0746,PC-7500,Logon
{H6S5-F0PE83CU-4922OELX},01/02/2010 14:03,FKK0055,PC-0435,Logon
{C0R1-J8TS29QN-8664QKQM},01/02/2010 14:06,RAW0915,PC-2113,Logon
{V3C6-Y6ML70RT-0816XMXG},01/02/2010 14:06,WPR0368,PC-2173,Logon
{X1A2-X8KM97SR-4368YURY},01/02/2010 14:08,WPR0368,PC-2173,Logoff
{L1G4-W7CJ57DC-0759RTXR},01/02/2010 15:46,AJR0319,PC-4736,Logoff
{X7Q8-N6QT71PY-3031NAWU},01/02/2010 15:47,JCR0172,PC-6713,Logoff
{W2E1-H9GV66LM-3021KIDD},01/02/2010 15:49,HVB0037,PC-7979,Logoff
{L5A4-N3DP27EP-5547WUQC},01/02/2010 15:56,ABC0174,PC-5156,Logoff
{R9Z6-P5EF85AW-0705IGWZ},01/02/2010 15:56,NWK0215,PC-8370,Logoff
{P4P6-D3TZ77KM-5341VHWU},01/02/2010 16:07,ESJ0670,PC-2321,Logoff
{F7Z8-Z1IB31VI-6073UNHB},01/02/2010 16:16,IRM0931,PC-7188,Logoff
{G2D4-P9ZF28XV-2489HWTF},01/02/2010 16:17,WPR0368,PC-9842,Logoff
{B8N7-I4UV27ZA-0931QKKS},01/02/2010 16:42,FOB0756,PC-6204,Logoff
{V7N2-A0HL94WE-7298IBBC},01/02/2010 16:45,SSJ0784,PC-0840,Logoff
{I6C3-X6ED47IX-7641UKQQ},01/02/2010 16:51,JKJ0698,PC-1917,Logoff
{N6E7-V9WF05SM-0071EXXS},01/02/2010 17:00,CJM0521,PC-6249,Logoff
{H4S5-X3PE03QM-7228ZIIE},01/02/2010 17:00,HAD0246,PC-0926,Logoff
{W3A8-N4FV93TG-8293UPHU},01/02/2010 17:03,BQS0525,PC-0269,Logoff
{I5K6-P4DP67YS-9519XEAM},01/02/2010 17:05,BRS0734,PC-4785,Logoff
{A3I7-T5FC59LD-3522VDHH},01/02/2010 17:05,NGF0157,PC-6056,Logoff
{P2H7-E1BC40OC-0606MAIU},01/02/2010 17:06,BDI0533,PC-5883,Logoff
{L6A2-A4OP66JF-5006ZAEH},01/02/2010 17:06,HLH0512,PC-2288,Logoff
{U5Y1-X8JD78TA-9168GSEY},01/02/2010 17:07,BRB0355,PC-9896,Logoff
{R7F4-V8OA36AT-8882AWUY},01/02/2010 17:07,LRR0148,PC-4275,Logoff
{V4E0-H0DK56UY-8575IEVY},01/02/2010 17:10,HPH0075,PC-2417,Logoff
{C9A9-S7WB71CL-5124SQHZ},01/02/2010 17:11,RZC0746,PC-7500,Logoff
{Q1U9-X5DB36OS-7785THBU},01/02/2010 17:13,IIW0249,PC-0843,Logoff
{T0P2-K8DG47LA-4378PILQ},01/02/2010 17:17,MOH0273,PC-6699,Logoff
{F5O0-U6JQ60BG-1492ZNUC},01/02/2010 17:19,NAH0503,PC-8267,Logoff
{Y8O6-M3HM31KJ-8621NKZC},01/02/2010 17:27,AHC0142,PC-8893,Logoff
{R5E5-T1LH03OZ-1507OSTQ},01/02/2010 17:31,FKK0055,PC-0435,Logoff
{A6X6-Y9KN96JN-7858MTMF},01/02/2010 18:00,ATE0869,PC-1313,Logoff
{D1T5-S8MH06IW-5640VHYS},01/02/2010 18:02,IKP0472,PC-3842,Logoff
{W9W0-V7MF74GY-1051WRYM},01/02/2010 18:03,RRC0553,PC-6672,Logoff
{Y7Y4-K5BK02HD-4559NPFQ},01/02/2010 18:10,JKF0465,PC-6797,Logoff
{Q3Y9-O0AE52WL-9104LANY},01/02/2010 18:13,SMH0291,PC-3571,Logoff
{C6Q4-O6KR90SP-5539CFPC},01/02/2010 18:17,NOB0181,PC-3446,Logoff
{K1P3-A3HO37YU-4185JBUP},01/02/2010 18:19,DAR0885,PC-1312,Logoff
{M4W1-X6QL92VZ-6261MJVP},01/02/2010 18:19,HSB0196,PC-8001,Logoff
{G1B7-H9TQ81ZY-8455XVZG},01/02/2010 18:20,MHH0180,PC-9822,Logoff
{T0A7-A6NP85KB-7871TLEJ},01/02/2010 18:26,ALB0892,PC-2744,Logoff
{L8K2-B0HE97FH-3396TWDH},01/02/2010 18:28,LAP0338,PC-5758,Logoff
{T8E8-Z9FU65SZ-6407BQJX},01/02/2010 18:29,CTR0341,PC-6184,Logoff
{K7M0-Z8MO33JD-2177WKPW},01/02/2010 18:30,YIC0195,PC-9353,Logoff
{H2K6-I5QI37HF-7165AZXP},01/02/2010 18:40,JHP0583,PC-9083,Logoff
{O8A9-R3AT26TO-9784PBNO},01/02/2010 19:00,IAR0694,PC-2804,Logoff
{E3W3-T7TC80CR-0006LLCN},01/02/2010 19:15,AMW0392,PC-6163,Logoff
{O0T6-E3DG90UZ-0591GTXN},01/02/2010 19:42,AOK0844,PC-4659,Logoff
{M8D4-F2TN67UI-9431ZUGT},01/02/2010 19:43,JDC0030,PC-0246,Logoff
{P3A0-D9GU45TF-5482XIYH},01/02/2010 19:45,RAW0915,PC-2113,Logoff
{H7M7-Z1YV75MM-2307FTGX},01/02/2010 20:32,HDD0806,PC-6032,Logoff
{K9L4-L1HS62OX-5868NLCT},01/03/2010 0:56,BSS0369,PC-8884,Logon
{Q8R9-N8BX35KN-2209CPLO},01/03/2010 1:12,BSS0369,PC-8884,Logoff
{K7Z1-Z1PY78MD-3656BKEX},01/03/2010 6:50,DLM0051,PC-0166,Logon
{C2K5-M7NF55GQ-1082NAXU},01/03/2010 7:06,CMB0912,PC-6539,Logon
{D3R6-Z6OV04MX-2642UHYY},01/03/2010 7:07,SBN0971,PC-0151,Logon
{A6B1-R0IS63PX-3297RHYS},01/03/2010 7:13,LBH0942,PC-3640,Logon
{B2X4-Z7MH97RN-1339ZJIA},01/03/2010 7:13,MLM0950,PC-9787,Logon
{Q7Z2-P3BM15FF-8298FTOR},01/03/2010 7:15,CTR0341,PC-6184,Logon
{A9K2-U0RU31AH-0492BHBL},01/03/2010 7:17,IRM0931,PC-7188,Logon
{V4Q6-F6XS44NQ-6588XOYX},01/03/2010 7:24,LAP0338,PC-5758,Logon
{D4A2-O8EU30LH-3774WAPP},01/03/2010 7:24,NOB0181,PC-3446,Logon
{D9Z9-O0NO40BG-4626WJDK},01/03/2010 7:33,LBF0214,PC-3819,Logon
{P5K5-G5NB11RG-5281RBRO},01/03/2010 7:41,NAF0326,PC-0384,Logon
{B0C6-I1EN96VF-3288QHMX},01/03/2010 7:41,QOS0878,PC-2211,Logon
{U8E7-T2FU10KK-1555WDOH},01/03/2010 7:45,TDS0984,PC-7088,Logon
{G8X9-E4QS83AC-6555ENCH},01/03/2010 7:46,ATE0869,PC-1313,Logon
{R9R5-A6PX65RV-8475TGJW},01/03/2010 7:48,RAM0447,PC-2697,Logon
{E5F9-E9NG69KV-1943TWID},01/03/2010 7:49,JKJ0698,PC-1917,Logon
{L5N5-M6PI62TL-0460PUJD},01/03/2010 7:51,EHB0420,PC-1586,Logon
{I3A2-M8LJ85HH-8650SHLH},01/03/2010 7:52,AJR0319,PC-4736,Logon
{I3I0-D3IQ74NT-9797XATF},01/03/2010 7:54,DRR0242,PC-5002,Logon
{C8R7-F8JB81JU-1756JRKR},01/03/2010 7:55,NWK0215,PC-8370,Logon
{Y3Y8-F7NY72IV-5595WWJL},01/03/2010 7:57,HAD0246,PC-0926,Logon
{F1Q2-E9ET72HF-0607BLXE},01/03/2010 7:57,NGC0058,PC-7558,Logon
{O0X9-X6HS10MF-5023OATH},01/03/2010 8:01,AMW0392,PC-6163,Logon
{V0V9-V5YE46NR-2549RAUE},01/03/2010 8:01,ESJ0670,PC-2321,Logon
{C6C5-V9VU23QN-5361CKPT},01/03/2010 8:03,OBH0499,PC-7989,Logon
{Q1M0-F6NS66SI-0256XZOM},01/03/2010 8:04,RZC0746,PC-7500,Logon
{Z9C8-N2WK32WU-8681VCEE},01/03/2010 8:05,IKP0472,PC-3842,Logon
{I3T3-F6JV86EH-5143JTBL},01/03/2010 8:05,MAD0496,PC-2244,Logon
{K5H0-R0VK08NL-8292VKKS},01/03/2010 8:13,BSS0369,PC-3672,Logon
{O8A8-L1CM67JV-6342SCOM},01/03/2010 8:15,AOK0844,PC-4659,Logon
{M3V0-Q8ZA46KA-9067PORJ},01/03/2010 8:15,MCD0125,PC-7295,Logon
{O0F4-O2MW75SV-5347XAPH},01/03/2010 8:15,YIC0195,PC-9353,Logon
{R0W4-T8QH40RV-7139WUOP},01/03/2010 8:22,MCF0600,PC-8790,Logon
{R3O1-I2YL17TS-9446VYDV},01/03/2010 8:23,HDD0806,PC-6032,Logon
{F7J9-M2YJ00UJ-3247NKNL},01/03/2010 8:27,JAJ0849,PC-9819,Logon
{O6N5-S7KB03QR-2583ESRA},01/03/2010 8:28,HSB0196,PC-8001,Logon
{C1D7-S4WW31BK-5561GQVR},01/03/2010 8:29,PTH0830,PC-8118,Logon
{Z4K3-A3IQ99TL-0918GTNJ},01/03/2010 8:30,SSJ0784,PC-0840,Logon
{Y3Y6-L5VL88RN-1822ZKQG},01/03/2010 8:32,JDC0030,PC-0246,Logon
{I4W2-H0XY67GS-5339XWDZ},01/03/2010 8:39,FKK0055,PC-0435,Logon
{I2V1-T1RA68RO-2301MXAT},01/03/2010 8:45,SMH0291,PC-3571,Logon
{A8V1-Q1LN08NH-1963PZWR},01/03/2010 8:48,IIL0513,PC-8067,Logon
{W4C5-M4BG72RT-6543EDRV},01/03/2010 8:48,WIQ0567,PC-6113,Logon
{Z0V3-B2GX18JS-5977MJEA},01/03/2010 8:52,MDH0686,PC-9901,Logon
{G4N4-N3MJ83YK-6381SEPS},01/03/2010 8:53,LDD0560,PC-3683,Logon
{M1K7-T0PV34EA-8418UQHI},01/03/2010 9:00,BRB0355,PC-9896,Logon
{E0M2-R8HF08PK-6969QLYL},01/03/2010 9:01,BVC0790,PC-0008,Logon
{S9Q6-X3JU21KA-0344EBKU},01/03/2010 9:02,BDI0533,PC-5883,Logon
{G2T4-Z8VA77OT-8374MTXT},01/03/2010 9:03,BQS0525,PC-0269,Logon
{K0Y7-Q9YM58XT-6474KBZO},01/03/2010 9:03,HLH0512,PC-2288,Logon
{Z3L6-D0NB00DV-5298REXZ},01/03/2010 9:09,CJM0521,PC-6249,Logon
{I5S9-C9EX90ZX-1004KXPL},01/03/2010 9:11,NMS0280,PC-8262,Logon
{M5E2-X1AG77HS-1094LRFQ},01/03/2010 9:17,DAR0885,PC-1312,Logon
{J1E0-Z7GU20VP-4187IKBU},01/03/2010 9:26,ALB0892,PC-2744,Logon
{F2L0-F8HZ72ZG-1245LLKZ},01/03/2010 10:54,MLM0950,PC-9787,Logon
{Q7C5-R2LD52BQ-9724VJMI},01/03/2010 10:59,LAP0338,PC-5758,Logon
{G5J6-B1RJ22XO-8325DOTO},01/03/2010 11:07,NOB0181,PC-3446,Logon
{M9Q2-C1RA57BX-9082LWNB},01/03/2010 11:20,MCD0125,PC-7295,Logon
{R7F2-U9RI82CG-7487JRXL},01/03/2010 11:36,NWK0215,PC-8370,Logon
{C7B3-O7XW86VI-4266BOWC},01/03/2010 11:39,JDC0030,PC-0246,Logon
{T9W1-H5WF75OS-1953BPFB},01/03/2010 11:44,ATE0869,PC-1313,Logon
{Y0S2-C1SL53QE-2221WVSF},01/03/2010 11:46,WIQ0567,PC-6113,Logon
{N0X1-I9XN38NK-6040GQPJ},01/03/2010 11:51,IRM0931,PC-7188,Logon
{D4T6-A4JR20OX-2156XHCY},01/03/2010 11:59,CTR0341,PC-6184,Logon
{T6E4-L0BO60EN-7704KDOH},01/03/2010 12:03,LBH0942,PC-3640,Logon
{Q5Z5-E2WE46LF-6158CAJR},01/03/2010 12:05,CMB0912,PC-6539,Logon
{F5U7-R5TJ43UD-7413AMZK},01/03/2010 12:10,SMH0291,PC-3571,Logon
{J6X6-E1GS73RC-2999GZWX},01/03/2010 12:14,HAD0246,PC-0926,Logon
{A8N2-F2QC30ST-0137JQWI},01/03/2010 12:24,OBH0499,PC-7989,Logon
{T3P5-X7LC39CV-2504IQKU},01/03/2010 12:28,RZC0746,PC-7500,Logon
{N3J8-D4PV69RN-1452YJPW},01/03/2010 12:34,QOS0878,PC-2211,Logon
{H8W9-M2OR40IU-4217PLMF},01/03/2010 12:34,AJR0319,PC-4736,Logon
{M6B2-N4LD22QM-7643VVJN},01/03/2010 12:44,NAF0326,PC-0384,Logon
{X9N4-X4AA66HF-8590AKID},01/03/2010 13:02,JAJ0849,PC-9819,Logon
{K1P8-L3YP30NI-5676HUPA},01/03/2010 13:11,AMW0392,PC-6163,Logon
{X7X0-B4RE28VV-3985DVBB},01/03/2010 13:25,FKK0055,PC-0435,Logon
{I8I9-R2SC36CJ-9408IAEN},01/03/2010 13:29,HDD0806,PC-6032,Logon
{O2K4-N4IU97QJ-0444BRPS},01/03/2010 13:35,SSJ0784,PC-0840,Logon
{N0I3-N8KG05VM-0067GUSZ},01/03/2010 13:35,TDS0984,PC-7088,Logon
{N4O1-T6CN33NV-5722DUUZ},01/03/2010 13:44,BVC0790,PC-0008,Logon
{E3Z9-M3YB10PQ-7531BKWE},01/03/2010 13:51,YIC0195,PC-9353,Logon
{P4S5-K7HG31MC-9986VYCF},01/03/2010 13:54,AOK0844,PC-4659,Logon
{R6B9-I1DR48SH-3199PJGJ},01/03/2010 13:55,LBF0214,PC-4124,Logon
{Q2J4-M7NT51UE-3928FSBO},01/03/2010 13:57,BDI0533,PC-5883,Logon
{Q7I9-P2BM68VP-3721NCJJ},01/03/2010 14:03,IKP0472,PC-3842,Logon
{N7M6-S4GI64KR-3766MDSF},01/03/2010 14:37,LBF0214,PC-4124,Logoff
{I9Z1-L6UD10ZG-2487IKEN},01/03/2010 14:48,BRB0355,PC-9896,Logon
{U9E3-S0LL66MK-0592TVBR},01/03/2010 15:37,AJR0319,PC-4736,Logoff
{F2S0-H2AO22GF-2234TYZE},01/03/2010 15:42,NWK0215,PC-8370,Logoff
{D9C9-E3DL92ZE-8282NENC},01/03/2010 15:56,NAF0326,PC-0384,Logoff
{T4R9-Y9AD68MX-4390SPJE},01/03/2010 15:57,LBF0214,PC-3819,Logoff
{Z2M6-S2YV00ZX-9527BQMS},01/03/2010 15:59,ESJ0670,PC-2321,Logoff
{W2Y6-G2MX69SM-3907GMDL},01/03/2010 16:01,DLM0051,PC-0166,Logoff
{V4S1-U8AK80JP-5103YFJD},01/03/2010 16:14,IRM0931,PC-7188,Logoff
{X4D7-Q5BA21NN-8864OCXE},01/03/2010 16:17,MLM0950,PC-9787,Logoff
{J5P6-C3AQ56GM-2547HKEW},01/03/2010 16:21,EHB0420,PC-4124,Logon
{N6E1-L3BG98NP-0158PKZA},01/03/2010 16:24,LBH0942,PC-3640,Logoff
{N9G5-U0LY50QS-8179PNTH},01/03/2010 16:29,CMB0912,PC-6539,Logoff
{J3K9-C0VU32VG-9117MJTK},01/03/2010 16:30,BSS0369,PC-3672,Logoff
{H8Y0-U8AD09AT-0373HFSJ},01/03/2010 16:30,SBN0971,PC-0151,Logoff
{D1C9-U9TB78RT-1318DAYG},01/03/2010 16:31,SSJ0784,PC-0840,Logoff
{K5O6-U9AI71FO-5050TLVZ},01/03/2010 16:41,JKJ0698,PC-1917,Logoff
{A6H2-P4OP83YU-9613BGGX},01/03/2010 16:54,CJM0521,PC-6249,Logoff
{R8U4-O8JR90VE-2442ZHXK},01/03/2010 16:55,BDI0533,PC-5883,Logoff
{U8N8-V0BC44RT-8226MABK},01/03/2010 16:57,BQS0525,PC-0269,Logoff
{Y3C2-I3JJ60HD-7808QMFH},01/03/2010 16:58,HLH0512,PC-2288,Logoff
{K7E9-U4AO87CZ-2315JNWI},01/03/2010 16:58,RZC0746,PC-7500,Logoff
{B8M4-J8SS92PX-2660CFWM},01/03/2010 16:59,BRB0355,PC-9896,Logoff
{N7X0-B7TR36HA-1667GGEC},01/03/2010 16:59,HAD0246,PC-0926,Logoff
{P3F5-W9FP08DX-5273MNDD},01/03/2010 17:04,IIL0513,PC-8067,Logoff
{A4R6-X5DR90UL-9295EFVZ},01/03/2010 17:16,EHB0420,PC-4124,Logoff
{J0X8-S1XQ68WE-1944PYEQ},01/03/2010 17:20,MAD0496,PC-2244,Logoff
{Q0P0-K1FA42XV-7980DPWW},01/03/2010 17:28,OBH0499,PC-7989,Logoff
{H1M0-P3PC11PH-6746OGVK},01/03/2010 17:29,FKK0055,PC-0435,Logoff
{U3K0-T5DX92OU-9359GZYL},01/03/2010 17:38,ATE0869,PC-1313,Logoff
{J9T8-A2AB62MF-1136VSBW},01/03/2010 17:45,QOS0878,PC-2211,Logoff
{X2O8-U6XV52LQ-5902LTCG},01/03/2010 17:51,TDS0984,PC-7088,Logoff
{X2P4-V5YC72LK-8828FNBZ},01/03/2010 17:54,SMH0291,PC-3571,Logoff
{B4A5-M1HG95HA-7748MOPI},01/03/2010 17:55,IKP0472,PC-3842,Logoff
{J8S1-W3RG86JQ-5650VUWD},01/03/2010 18:03,LDD0560,PC-3683,Logoff
{D5F4-B9BC74RW-0739FJYQ},01/03/2010 18:04,NOB0181,PC-3446,Logoff
{I8S9-M9AQ94DF-3103FSLO},01/03/2010 18:05,HSB0196,PC-8001,Logoff
{Q4M6-X0AU19GZ-5689KPHY},01/03/2010 18:06,LAP0338,PC-5758,Logoff
{T6K2-J8WP67EJ-8386FJGW},01/03/2010 18:10,ALB0892,PC-2744,Logoff
{P6U7-T5BB05NH-8489EKZB},01/03/2010 18:10,DRR0242,PC-5002,Logoff
{W9J2-F8DD18SP-8174LJWV},01/03/2010 18:10,WIQ0567,PC-6113,Logoff
{Z8U1-S8VY98HV-6115IAYZ},01/03/2010 18:11,RAM0447,PC-2697,Logoff
{K1Q3-Y9PI21EY-9311MDWK},01/03/2010 18:13,CTR0341,PC-6184,Logoff
{J0V5-G7UM56CV-6126FXQU},01/03/2010 18:14,DAR0885,PC-1312,Logoff
{A3D2-N2OW67VR-2335JABZ},01/03/2010 18:14,EHB0420,PC-1586,Logoff
{Z3L1-D0LK18EO-9300CTTL},01/03/2010 18:15,YIC0195,PC-9353,Logoff
{N7C4-K3DS96JE-2913IKXK},01/03/2010 18:24,NMS0280,PC-8262,Logoff
{D5S9-K3PM09SX-0676UOSG},01/03/2010 18:25,BVC0790,PC-0008,Logoff
{D9W5-L8MS32LC-5044ESDN},01/03/2010 18:40,MCF0600,PC-8790,Logoff
{U8J2-J3DK19YR-1271BCLF},01/03/2010 19:00,AMW0392,PC-6163,Logoff
{D5H7-C0SR11EI-7639KXME},01/03/2010 19:01,MDH0686,PC-9901,Logoff
{H5F8-S4FU20TD-8132MVOE},01/03/2010 19:05,NGC0058,PC-7558,Logoff
{L7J9-F1ID20YA-5556UYNY},01/03/2010 19:22,JDC0030,PC-0246,Logoff
{L4V5-D3MV12SE-9588AUUN},01/03/2010 19:24,AOK0844,PC-4659,Logoff
{E3S1-Y7CL27YR-7102NCHN},01/03/2010 19:26,MCD0125,PC-7295,Logoff
{O2L5-U6NU48IL-6361FSTB},01/03/2010 19:36,PTH0830,PC-8118,Logoff
{R4L0-W9SY40HG-4271UOTM},01/03/2010 19:41,JAJ0849,PC-9819,Logoff
{K0X1-X0WT38GE-7147PSQH},01/03/2010 20:30,HDD0806,PC-6032,Logoff
{P8Y4-F5GH91ZR-5479XMPU},01/04/2010 0:04,JGT0221,PC-3814,Logon
{Z9R4-P8VW35GF-0976DSOZ},01/04/2010 0:11,JGT0221,PC-3814,Logoff
{J6O3-T0RN74QK-2596VMWI},01/04/2010 0:12,MVH0373,PC-4176,Logon
{O1O3-Q1JE53QM-5475EVLK},01/04/2010 0:18,MOS0047,PC-5909,Logon
{Z9K7-O0CD77RF-9649XMLE},01/04/2010 0:18,MVH0373,PC-4176,Logoff
{M6M3-C4PD99CH-3918LJGD},01/04/2010 0:24,JTM0223,PC-7311,Logon
{C5R7-T1QO00BA-0236BWCK},01/04/2010 0:26,JTM0223,PC-7311,Logoff
{K7W3-A0GV71WD-3248QRHA},01/04/2010 0:27,MOS0047,PC-5909,Logoff
{A6B7-H5HC53LR-8298IWIC},01/04/2010 0:33,TSM0363,PC-5909,Logon
{E9I7-O4WG11DH-7619KSLD},01/04/2010 0:33,QNP0216,PC-2567,Logon
{F4K6-V1HK90KE-4960QGRG},01/04/2010 0:35,JRS0362,PC-8714,Logon
{R0W9-S8NB99QF-4531VOCU},01/04/2010 0:39,TSM0363,PC-5909,Logoff
{F8T5-Y2HZ40MR-0935WMXB},01/04/2010 0:39,UIR0043,PC-6263,Logon
{R6N6-T3YS61JI-1890GMUI},01/04/2010 0:41,QNP0216,PC-2567,Logoff
{N3H6-J2GY49DQ-3419NWHB},01/04/2010 0:42,JGT0221,PC-4690,Logon
{L8B5-I8RU06MO-6538DDMG},01/04/2010 0:44,UIR0043,PC-6263,Logoff
{O6P0-X9IS39FK-9035UTAD},01/04/2010 0:48,JRS0362,PC-8714,Logoff
{X6E0-F1JO62RG-9297XRVB},01/04/2010 0:58,CBB0365,PC-8526,Logon
{D1Q7-J5LP06QY-7291PYHV},01/04/2010 1:00,JGT0221,PC-4690,Logoff
{S4A5-D1KM77HL-3035YGHC},01/04/2010 1:07,CBB0365,PC-8526,Logoff
{E7Q7-A7XO18VP-2956KFME},01/04/2010 1:25,JAV0361,PC-0378,Logon
{D3E3-V1KG81MM-4174RVVX},01/04/2010 1:34,KRV0372,PC-2582,Logon
{B0E0-O0QN96YL-4558OUDY},01/04/2010 1:37,LBC0356,PC-9988,Logon
{Z6N6-T4EH95QH-0007FAAH},01/04/2010 1:39,JAV0361,PC-0378,Logoff
{E4E5-Y8BR30WQ-7230AHRF},01/04/2010 1:47,LBC0356,PC-9988,Logoff
{P9S0-P4SU69CI-6086FBYY},01/04/2010 1:52,KRV0372,PC-2582,Logoff
{B2I6-K1YR40QO-2485XZSB},01/04/2010 1:57,KCF0045,PC-3054,Logon
{A1Y5-T5ZO11WY-9028NNPJ},01/04/2010 2:16,KCF0045,PC-3054,Logoff
{P6V8-C0BJ48RL-9568JOWW},01/04/2010 2:24,EIS0041,PC-5508,Logon
{K9P7-J8WZ79GZ-1137FRBP},01/04/2010 2:32,CSC0217,PC-3742,Logon
{S5I3-G2FS33LA-7352MTZZ},01/04/2010 2:37,CSC0217,PC-3742,Logoff
{Z8L9-P7PH06KH-3140IWRC},01/04/2010 2:42,WPR0368,PC-7052,Logon
{K8I9-V7CF20KM-4003IZDZ},01/04/2010 2:43,MOS0047,PC-3459,Logon
{W7T7-W2PB09MK-6224SGSG},01/04/2010 2:44,EIS0041,PC-5508,Logoff
{J1L1-P7KR17DC-5008WUWM},01/04/2010 2:51,WPR0368,PC-7052,Logoff
{E2K6-W7LK74VY-3099FCEC},01/04/2010 2:52,ACC0042,PC-9873,Logon
{H9S4-P8NN87TQ-1245XEDQ},01/04/2010 2:55,MOS0047,PC-3459,Logoff
{J4V7-V7JJ22JQ-0110WQZF},01/04/2010 3:02,ACC0042,PC-9873,Logoff
{R5N6-P8JF60DO-9106LHOP},01/04/2010 3:15,MPM0220,PC-3301,Logon
{Q1E3-W3AT23GB-4210WWOI},01/04/2010 3:27,MPM0220,PC-3301,Logoff
{L1Q2-O1CC60VE-6749ZWHN},01/04/2010 3:29,JAV0361,PC-9461,Logon
{Z6C2-Y0FX66VR-7263JWTB},01/04/2010 3:30,SAK0375,PC-3268,Logon
{L9O8-B7HW41UL-2042DBBD},01/04/2010 3:32,JAV0361,PC-9461,Logoff
{Y4H4-F0YN89UU-4963FSQX},01/04/2010 3:32,SAK0375,PC-3268,Logoff
{H5I6-K0XN81SC-2542RZNC},01/04/2010 3:37,GTD0219,PC-2370,Logon
{N9E3-Y8SX33VU-9868AOTO},01/04/2010 3:42,GTD0219,PC-2370,Logoff
{G3I8-L5VF61FK-8294UESG},01/04/2010 3:43,KSP0357,PC-3446,Logon
{J7Z9-J4AT34CR-5318RQEF},01/04/2010 3:53,MSH0040,PC-9926,Logon
{A4L0-Y2GG71HL-8040UMHC},01/04/2010 3:55,KSP0357,PC-3446,Logoff
{L1D4-G3LT09VY-9540QIXT},01/04/2010 4:08,MSH0040,PC-9926,Logoff
{W1M8-S7ON91BX-5423WTFC},01/04/2010 4:13,JTM0223,PC-3094,Logon
{R7O7-U3KU12CN-6357CMRL},01/04/2010 4:31,JTM0223,PC-3094,Logoff
{I6G3-W7XZ55NQ-5945RGCF},01/04/2010 4:40,EIS0041,PC-9822,Logon
{M2G9-V6ME02DO-8889FPLG},01/04/2010 4:44,UIR0043,PC-6824,Logon
{W2G2-S3OM42BY-7774DJXN},01/04/2010 4:49,EIS0041,PC-9822,Logoff
{B5D6-V7HH94HI-9237PNYI},01/04/2010 4:53,EIS0041,PC-9706,Logon
{G9F7-I7OE54HY-7642OGMC},01/04/2010 4:54,UIR0043,PC-6824,Logoff
{D8O0-Q5IK98WP-8969TDJD},01/04/2010 4:54,MSH0040,PC-9408,Logon
{B5R9-R3NF09OU-2180CDPI},01/04/2010 4:57,EIS0041,PC-9706,Logoff
{W0G1-T7GL82IR-6747YHXN},01/04/2010 5:01,MSH0040,PC-9408,Logoff
{C1V6-K2AC30KI-4607RJQN},01/04/2010 5:06,BAL0044,PC-5833,Logon
{S0O1-D5CS55UE-9919AKGM},01/04/2010 5:12,BAL0044,PC-5833,Logoff
{W8Q6-Q8RU71BO-4205TUQJ},01/04/2010 5:13,UIR0043,PC-3424,Logon
{D5G5-X0LE99JC-0312ZYJM},01/04/2010 5:22,JLM0364,PC-0928,Logon
{W2T1-B8JM32GV-4909NVCH},01/04/2010 5:29,KSP0357,PC-6009,Logon
{Z4T2-K6HV18NY-5627TERX},01/04/2010 5:30,UIR0043,PC-3424,Logoff
{O0G3-H6KQ97MU-0243HYFA},01/04/2010 5:35,JLM0364,PC-0928,Logoff
{U9Q3-O1KE32GL-0690XCYS},01/04/2010 5:38,MPM0220,PC-3764,Logon
{K1V5-E3SC10XN-7045MQVY},01/04/2010 5:39,DMG0358,PC-3459,Logon
{G2V4-V5UO83HD-5229GIXK},01/04/2010 5:40,KSP0357,PC-6009,Logoff
{O8Z9-R2DL30MU-4447INSS},01/04/2010 5:44,DFR0218,PC-8884,Logon
{P7N5-G8UU61SJ-2717XWXO},01/04/2010 5:46,JGT0221,PC-7702,Logon
{R0Y6-L9YD46WM-8065SMTJ},01/04/2010 5:49,DFR0218,PC-8884,Logoff
{W3J4-H3IK73XN-0190JYCF},01/04/2010 5:53,MPM0220,PC-3764,Logoff
{M2O6-O2EV08FP-9392ODPS},01/04/2010 5:55,JGT0221,PC-7702,Logoff
{D8Y4-Q3UR67FN-2641IZCA},01/04/2010 5:57,CCA0046,PC-4729,Logon
{T7E8-X9MR10MN-3890FFGX},01/04/2010 5:58,DMG0358,PC-3459,Logoff
{G9O5-O4YN73AH-4010WVQT},01/04/2010 6:03,HWY0038,PC-0183,Logon
{I2Q7-T0TO61MP-1007OWTN},01/04/2010 6:03,CCA0046,PC-4729,Logoff
{T1X5-N4GH22UV-4854JDUO},01/04/2010 6:06,HWY0038,PC-0183,Logoff
{E6C5-E7AP34JC-8642HRIX},01/04/2010 6:11,AJF0370,PC-7275,Logon
{Q6P9-M0RT53MW-2351LWGC},01/04/2010 6:13,MSO0222,PC-0269,Logon
{S3Q4-F4JV16HZ-9185SUYR},01/04/2010 6:25,EIS0041,PC-6776,Logon
{U7P7-J4BV99DQ-7559QYDS},01/04/2010 6:28,JCC0225,PC-6688,Logon
{L4X9-A0OE61CU-7570AYXB},01/04/2010 6:31,AJF0370,PC-7275,Logoff
{O1Q9-Y7IZ95YA-9583BIRT},01/04/2010 6:31,MSO0222,PC-0269,Logoff
{T6B0-H4YT99KX-2153TPSM},01/04/2010 6:32,GTD0219,PC-0132,Logon
{H0S5-T3FT29PE-9968AMTV},01/04/2010 6:38,MVH0373,PC-6184,Logon
{A3N9-A6YT56RZ-0654FKTV},01/04/2010 6:40,GTD0219,PC-0132,Logoff
{D9C5-A5CA57CW-0214LXYC},01/04/2010 6:42,EIS0041,PC-6776,Logoff
{X7X7-V4DH91TR-7268ZJVP},01/04/2010 6:45,AJD0074,PC-3135,Logon
{O2C7-Z7EJ74ZG-6554ISXU},01/04/2010 6:45,KBP0008,PC-3851,Logon
{A9M1-Y4PI89YU-5165ILOV},01/04/2010 6:46,JCC0225,PC-6688,Logoff
{O1E7-C5CB75MN-2916SHXJ},01/04/2010 6:46,MVH0373,PC-6184,Logoff
{Y4J4-D6BJ04YP-3257CCUL},01/04/2010 6:47,KRG0158,PC-9770,Logon
{L0O7-Q0JH27GV-3164SYZB},01/04/2010 6:49,KBB0189,PC-4524,Logon
{D6X6-G3LZ90RY-8980CYUV},01/04/2010 6:53,SRH0155,PC-9919,Logon
{K8Q9-O1BW29AG-0499VSKH},01/04/2010 6:56,EIM0156,PC-1874,Logon
{G5K3-M3XS93TY-3079PADK},01/04/2010 6:58,HTH0007,PC-8851,Logon
{C4Q8-E8NR58AE-1824BLMG},01/04/2010 7:00,AVM0947,PC-0285,Logon
{C8C5-H5QD41PM-4453GHYB},01/04/2010 7:00,CIM0271,PC-3291,Logon
{B2W4-P4IF52IO-5890FIXP},01/04/2010 7:00,CJP0952,PC-7525,Logon
{A3C7-K9OM31FL-7225IRRY},01/04/2010 7:00,DFH0188,PC-0205,Logon
{P8E4-Y7UA72BZ-6098QDRY},01/04/2010 7:00,DIW0118,PC-0174,Logon
{L3M5-L5AN90SV-6885WUNN},01/04/2010 7:00,DJB0159,PC-3907,Logon
{F8J1-C5UM60QI-6888TFNC},01/04/2010 7:00,DLM0051,PC-0166,Logon
{I9V2-W7GZ96ON-9219MTFD},01/04/2010 7:00,HFB0347,PC-0524,Logon
{F7V8-Y9US31WK-3956NUNI},01/04/2010 7:00,MMG0943,PC-2370,Logon
{S7G3-J1ZN76CR-5965ZDXW},01/04/2010 7:00,NMB0972,PC-8330,Logon
{W0R8-Y0CE32IQ-5467DSVA},01/04/2010 7:00,POB0343,PC-5864,Logon
{Y0S3-H6JQ78ON-3519UDPR},01/04/2010 7:00,RRA0938,PC-9586,Logon
{N9N9-A5FV43JL-8523UTBR},01/04/2010 7:00,HWY0038,PC-2567,Logon
{Y9S0-Z5PT62ER-3275IGRQ},01/04/2010 7:01,CSJ0340,PC-1518,Logon
{Z0U7-D9ZZ45LZ-7591KJOY},01/04/2010 7:01,NGF0157,PC-6056,Logon
{W0P9-G5AE88XX-1785ZPBY},01/04/2010 7:01,PGH0184,PC-7756,Logon
{I3R2-C0LH44US-5593YXAS},01/04/2010 7:01,TDG0962,PC-2173,Logon
{P4M9-C5LT94XQ-2651KQEI},01/04/2010 7:01,WBC0192,PC-6349,Logon
{Y2E0-R2RG53MM-7325MCZY},01/04/2010 7:02,BAK0964,PC-6755,Logon
{H3X8-X6ZY94CY-1800VYNH},01/04/2010 7:02,CAH0936,PC-2276,Logon
{V7K2-G0QW30GZ-9636VTNQ},01/04/2010 7:02,CKH0144,PC-1893,Logon
{Q7U8-M1NS60KF-0710RSET},01/04/2010 7:02,ECL0930,PC-8127,Logon
{E3T2-E6AL58UA-4873CFLB},01/04/2010 7:02,ICS0956,PC-7702,Logon
{Y7X9-M4RK47RK-9857AABG},01/04/2010 7:02,KSP0966,PC-6985,Logon
{H0R7-P6BG99FW-2016XDRS},01/04/2010 7:02,RAG0275,PC-3094,Logon
{I1Q3-S0DP58KA-0973JSJB},01/04/2010 7:02,ROB0272,PC-6933,Logon
{E7G2-C2FH75PT-8889YBOY},01/04/2010 7:02,SGS0268,PC-0777,Logon
{N6M2-X7BA09ZW-6226ZGDT},01/04/2010 7:03,DRR0162,PC-5168,Logon
{A8L7-N5YA96LS-3794HIXR},01/04/2010 7:03,GKO0078,PC-4233,Logon
{B6E3-K0FR68GU-8056HSRT},01/04/2010 7:03,HXL0968,PC-0623,Logon
{Q0P4-J3CF71ZZ-3794EBFH},01/04/2010 7:03,NIH0969,PC-3978,Logon
{W2K2-H8JZ36DJ-7230KRKD},01/04/2010 7:03,RHC0335,PC-8144,Logon
{R8Q1-Z8JQ38AM-2996GOWN},01/04/2010 7:03,XAA0104,PC-7435,Logon
{E0O8-X1ML93YD-2137BGSW},01/04/2010 7:04,SNS0129,PC-5920,Logon
{E6K9-K9VV84BJ-5914TGWN},01/04/2010 7:04,SVL0940,PC-0115,Logon
{H0G4-T5FE40TW-0675QPBT},01/04/2010 7:04,TNM0961,PC-2030,Logon
{R5X8-S9RX85DA-9056EQMP},01/04/2010 7:04,TVS0050,PC-2174,Logon
{K1U5-I4GC84PG-9352KHLD},01/04/2010 7:04,GKO0078,PC-4124,Logon
{D5P7-L9OH99VC-8049JPPV},01/04/2010 7:04,HWY0038,PC-2567,Logoff
{O0P1-A1TB43BO-2249ZJVC},01/04/2010 7:05,AGB0186,PC-8410,Logon
{B3P9-V3JM52EG-5349QNYX},01/04/2010 7:05,BNR0965,PC-2422,Logon
{R6Z7-C1HI20WY-4350EAYY},01/04/2010 7:05,EHR0096,PC-5508,Logon
{C8W9-Z4PN77DX-8236EEWA},01/04/2010 7:05,HCC0344,PC-2768,Logon
{Y6M0-M7EL14VL-5709ZSQI},01/04/2010 7:05,IRM0931,PC-7188,Logon
{L6S4-G5IC37SM-6400ORKE},01/04/2010 7:05,MKL0941,PC-1246,Logon
{O0T4-R5YN42JI-5942RTKT},01/04/2010 7:05,MSD0939,PC-3430,Logon
{X0P8-S6RJ14AX-4321EXVM},01/04/2010 7:06,BSB0990,PC-8932,Logon
{X3S4-K5LQ93BA-7967XVQD},01/04/2010 7:06,HWM0342,PC-4436,Logon
{C8U4-L4EN35BF-3542HCXX},01/04/2010 7:06,SJC0333,PC-3126,Logon
{Q1C3-F1BY46QX-0471OLMG},01/04/2010 7:06,SPA0141,PC-2560,Logon
{J6P8-M0RN31JR-1835CIUB},01/04/2010 7:07,FXF0957,PC-4176,Logon
{I3Y8-P5HQ17YS-8564NPIM},01/04/2010 7:07,JIM0095,PC-9328,Logon
{I6H6-A9NZ29MX-1715BZLI},01/04/2010 7:07,KDT0346,PC-7238,Logon
{O8P2-R0YU78TH-6901UBEF},01/04/2010 7:07,NWT0098,PC-4667,Logon
{D1K4-P7UB15DV-8324XPWL},01/04/2010 7:07,RKF0164,PC-4418,Logon
{H3K1-Z4RO76AE-2375XUOF},01/04/2010 7:07,VEB0935,PC-3534,Logon
{A8Q6-R2OM85FO-7769GVSS},01/04/2010 7:08,AKK0329,PC-2072,Logon
{L2T1-F9GH28MM-0761CWOC},01/04/2010 7:08,CSL0949,PC-6544,Logon
{X5D6-P0RN23AM-4639FJSU},01/04/2010 7:08,GCG0951,PC-4704,Logon
{X4T9-R8ID98VV-5240ZHJM},01/04/2010 7:08,GNS0178,PC-6846,Logon
{V9P4-F8DK48SN-3861JOMJ},01/04/2010 7:08,MAE0331,PC-8591,Logon
{P0Z0-C3GN32TC-0220JCXQ},01/04/2010 7:08,MKS0204,PC-5102,Logon
{M6A9-M5KK57ZR-3848ODOI},01/04/2010 7:08,OHC0973,PC-0745,Logon
{J6F4-Z8FQ73KR-7531TQQB},01/04/2010 7:08,ONL0276,PC-2891,Logon
{G5G2-Q3II68WO-3604BFMS},01/04/2010 7:08,ORG0339,PC-8252,Logon
{F3J6-J8DY53UU-0650NKQM},01/04/2010 7:09,CTR0341,PC-6184,Logon
{C2E6-R5WP36CL-0903HXSV},01/04/2010 7:09,GNZ0953,PC-3814,Logon
{Q2R8-O7QM20SK-0316RHHE},01/04/2010 7:09,LHB0967,PC-2996,Logon
{N8R2-F1GQ83IW-7756LLKK},01/04/2010 7:09,LRW0970,PC-1620,Logon
{Z3J7-P4VJ67QZ-1595FSZE},01/04/2010 7:09,MAR0955,PC-6793,Logon
{T8Q7-Y1KV04VA-3871WZOZ},01/04/2010 7:09,RVF0201,PC-7899,Logon
{Q3C6-C1WT09EJ-0523RBCP},01/04/2010 7:09,GKO0078,PC-4124,Logoff
{I5M5-I9TC00XY-2392HEJA},01/04/2010 7:09,SRH0155,PC-4124,Logon
{H2A2-P7IG80VX-1351MFVR},01/04/2010 7:10,CWB0065,PC-4621,Logon
{J8Y6-Z9CZ17VJ-8554VFFQ},01/04/2010 7:10,DVW0103,PC-7174,Logon
{K3C7-G9FU34ED-8860XCQC},01/04/2010 7:10,JMK0099,PC-2363,Logon
{P9G2-E8BA67FS-0704VAPV},01/04/2010 7:10,KKS0119,PC-0322,Logon
{Z9P8-J0CH81JT-3983ZOOS},01/04/2010 7:10,LRR0148,PC-4275,Logon
{T5R9-H5RB55JF-7289LDVL},01/04/2010 7:10,NCH0179,PC-3695,Logon
{W7J8-T1CL49DJ-5111VXNH},01/04/2010 7:10,PMC0328,PC-7219,Logon
{N3Q8-O6UW53SX-2932NCUW},01/04/2010 7:10,SBD0913,PC-0262,Logon
{W7A4-K2EC76DI-1608OXOL},01/04/2010 7:10,SHR0334,PC-2924,Logon
{I1A2-G3PY29WB-2313NQWF},01/04/2010 7:10,SRH0155,PC-4124,Logoff
{C2Z9-S6ZN26FR-7334RUIV},01/04/2010 7:10,TVS0050,PC-4124,Logon
{Q0P4-Q8EB45OP-3603LZQQ},01/04/2010 7:10,JAV0361,PC-9196,Logon
{J1P4-V4IY66CF-9679AZPC},01/04/2010 7:11,DHM0937,PC-7941,Logon
{Y5M2-X6EG64ZR-0905NMUJ},01/04/2010 7:11,FPC0954,PC-7839,Logon
{D5H4-P0IT02EM-8134HFCD},01/04/2010 7:11,NOB0181,PC-3446,Logon
{A0J6-A9BY77DC-6757IOUE},01/04/2010 7:11,OMS0101,PC-9507,Logon
{S4W0-G8YM66RQ-9986CLCX},01/04/2010 7:11,SNC0187,PC-4753,Logon
{T7X1-I6VS35IM-4758EUAM},01/04/2010 7:11,WAB0143,PC-8014,Logon
{B2R2-F3XA64EV-9672RUCX},01/04/2010 7:12,ASV0946,PC-2806,Logon
{L9G4-R5DZ60JB-6494IUQH},01/04/2010 7:12,JGM0934,PC-3301,Logon
{B2Y7-V1TQ30FA-0717UBQB},01/04/2010 7:12,KAT0270,PC-7146,Logon
{R9J6-J2LJ85GO-7613OULK},01/04/2010 7:12,OQH0183,PC-6602,Logon
{K2C7-B2SR78CB-4190DTGV},01/04/2010 7:12,ZJS0269,PC-7019,Logon
{R8J4-E1XG96XP-3533KBPK},01/04/2010 7:13,AIB0948,PC-8245,Logon
{X1E5-O9OR06CR-3901JJZW},01/04/2010 7:13,BLL0929,PC-7375,Logon
{F7H3-I1LE37HV-4944BWZW},01/04/2010 7:13,CAM0102,PC-6247,Logon
{F4M7-A4RP42AF-8610SLWY},01/04/2010 7:13,DOL0332,PC-1109,Logon
{T9C6-H9EZ48JJ-0122UMKJ},01/04/2010 7:13,ELH0960,PC-7775,Logon
{U9D9-H7UF23SI-1767CLRG},01/04/2010 7:13,ENL0100,PC-3494,Logon
{A0N6-J1VF92WV-0853UEEK},01/04/2010 7:13,GCC0945,PC-6694,Logon
{R0I3-Z8SD37OW-1208XIWV},01/04/2010 7:13,HLM0933,PC-5242,Logon
{G4V2-D4HY05SP-3359QFIK},01/04/2010 7:13,ILH0958,PC-2181,Logon
{V6W4-Z7DN68TL-1280FSOM},01/04/2010 7:13,OMM0944,PC-0378,Logon
{D7C8-D5RP94LX-2444HTJA},01/04/2010 7:13,QNF0205,PC-0683,Logon
{L8R4-R4LM17WS-9209ZTFQ},01/04/2010 7:13,WRM0963,PC-5082,Logon
{D7E2-H8MO25FM-6674RHOJ},01/04/2010 7:13,MVH0373,PC-5083,Logon
{S0I4-K4DY74XG-3745WFBT},01/04/2010 7:14,ATF0274,PC-3459,Logon
{M2U7-T6KO73MQ-5454JBUP},01/04/2010 7:14,BWP0202,PC-7445,Logon
{E9E2-X1BZ51HU-9052PHOR},01/04/2010 7:14,CFG0959,PC-9094,Logon
{S1J1-I6JT94AT-2997VMPZ},01/04/2010 7:14,CGF0337,PC-0369,Logon
{F1N4-T5DS64JN-6262UJDT},01/04/2010 7:14,FKB0163,PC-5087,Logon
{T8R7-D3MO57VX-7814ZKAV},01/04/2010 7:14,JJM0203,PC-0148,Logon
{I8N3-N0ZJ96UR-9605CTUS},01/04/2010 7:14,JSH0330,PC-5423,Logon
{W8Q4-L0TQ10TB-9059FIFK},01/04/2010 7:14,NCE0097,PC-2393,Logon
{L8R1-R8MM85WF-1956UVHS},01/04/2010 7:14,RSM0277,PC-2930,Logon
{W2W7-E1JX84BY-8491SUIC},01/04/2010 7:14,SSS0345,PC-3543,Logon
{W9R2-P4ZC05KQ-6561KQED},01/04/2010 7:14,JGT0221,PC-2187,Logon
{Z1S9-V4CH31AF-3830ZXNE},01/04/2010 7:15,AJR0932,PC-4748,Logon
{P0X2-V2EC90CA-8638BCKR},01/04/2010 7:15,BBS0039,PC-9436,Logon
{M7I4-L4DD02ID-6194MYWB},01/04/2010 7:15,CCH0182,PC-0514,Logon
{J8Z2-E5QZ17TX-2806NHGJ},01/04/2010 7:15,CXC0336,PC-5502,Logon
{I2H3-R8LP76KJ-1248ZHTF},01/04/2010 7:15,HWY0038,PC-1474,Logon
{O2K2-F9YJ02QR-1815QVTK},01/04/2010 7:15,JGT0221,PC-2948,Logon
{C2J8-Q2IB13LM-8239UPDH},01/04/2010 7:15,KRL0062,PC-5595,Logon
{O5P6-A9GX04TO-9360LDMY},01/04/2010 7:15,MOH0273,PC-6699,Logon
{T4S5-F9ZJ86LD-4609CSGH},01/04/2010 7:15,NHH0185,PC-3723,Logon
{B0K9-W1KM41GD-4694UFOG},01/04/2010 7:15,RGG0064,PC-8859,Logon
{R5S0-U3HH35RJ-4665SCQW},01/04/2010 7:15,SGM0021,PC-1528,Logon
{O6G6-K3RQ33CC-1339PIZI},01/04/2010 7:15,SJF0094,PC-3559,Logon
{Y3I2-K9QZ16QE-5280FMOA},01/04/2010 7:15,TVS0050,PC-4124,Logoff
{U5R6-W0TS36TS-1436PYII},01/04/2010 7:15,CFG0959,PC-4124,Logon
{X8S4-H1XX50QZ-2025LXOV},01/04/2010 7:15,MVH0373,PC-5083,Logoff
{U4E9-L3OP20UB-9054NQZW},01/04/2010 7:16,LAP0338,PC-5758,Logon
{H7Y6-C9NK34SA-5921WEFU},01/04/2010 7:17,BAL0044,PC-5179,Logon
{J9U4-M8CY17WE-9688FPNY},01/04/2010 7:17,CMB0912,PC-6539,Logon
{R7S8-P1WB88QA-4147STQV},01/04/2010 7:17,KTG0091,PC-7913,Logon
{G1U2-Y3CV67IM-1569YZGJ},01/04/2010 7:17,MHH0180,PC-9822,Logon
{Y6U8-A0HV62OH-1211BBXG},01/04/2010 7:17,DMG0358,PC-5027,Logon
{W6L0-N0IR62ZG-0872LAUG},01/04/2010 7:18,AHC0142,PC-8893,Logon
{F0V0-K1TL24VK-0508OXJH},01/04/2010 7:18,CFW0264,PC-4711,Logon
{N1H2-V0WA91VI-2430CSCO},01/04/2010 7:18,GTD0219,PC-6425,Logon
{A1K0-V5FD88RC-9044INNI},01/04/2010 7:18,JCC0225,PC-6711,Logon
{V4T2-R3ZL24YT-8783JDLZ},01/04/2010 7:18,LBH0942,PC-3640,Logon
{O4D3-S4OW85IA-0337YOZL},01/04/2010 7:18,NKH0979,PC-6643,Logon
{X3L3-O1VQ90PS-1509UVCR},01/04/2010 7:18,USH0199,PC-3581,Logon
{G2Z0-P3JM69YU-2167MCXQ},01/04/2010 7:19,BTS0011,PC-1232,Logon
{L2T4-E8VW50DG-7228JEUF},01/04/2010 7:19,CCA0046,PC-8865,Logon
{K2K8-E5EU16GR-3159AAPG},01/04/2010 7:19,LMF0980,PC-1485,Logon
{T2W0-B4ZR54OB-2713MHKH},01/04/2010 7:19,RDM0115,PC-1480,Logon
{R3A2-G4MF66ES-6639FXEF},01/04/2010 7:19,SBN0971,PC-0151,Logon
{J2Y5-S4IG84VQ-1116SZEM},01/04/2010 7:19,YDN0198,PC-5376,Logon
{W5X8-L8TF15LB-3098OXWX},01/04/2010 7:20,EWH0191,PC-4545,Logon
{Y4Y7-Q2IJ84PL-2385WNJA},01/04/2010 7:20,TEM0093,PC-3372,Logon
{X3O4-W8WQ66ZH-1576UUBQ},01/04/2010 7:21,LDB0090,PC-6824,Logon
{M0P6-M4NT20JV-5497URWG},01/04/2010 7:21,MPM0220,PC-2344,Logon
{M5J1-Y0DC67BR-6158OCKU},01/04/2010 7:22,ACC0042,PC-0908,Logon
{T1S7-M0RR19VR-2804RZOH},01/04/2010 7:23,MLM0950,PC-9787,Logon
{D4F1-O6FU44NQ-9373MTDU},01/04/2010 7:23,UIR0043,PC-9110,Logon
{V3A7-C0FT01JH-9663PUMV},01/04/2010 7:24,BTW0005,PC-2915,Logon
{T8H1-B9KW51TF-6049UPNN},01/04/2010 7:24,CJK0200,PC-0925,Logon
{W7L2-H6ND52HZ-8917XDYV},01/04/2010 7:24,CSC0217,PC-6377,Logon
{D6K3-U3NQ96PB-0166DUIG},01/04/2010 7:25,EIS0041,PC-9255,Logon
{X4J3-N4DT54TB-9566FOZT},01/04/2010 7:25,HCM0267,PC-7651,Logon
{C8A8-A5BR22CM-4757FMFO},01/04/2010 7:25,IAT0263,PC-4032,Logon
{V3X7-N3AG93IY-7290OJNX},01/04/2010 7:25,IIA0092,PC-2552,Logon
{T5A9-T1XS64PL-6544HZPB},01/04/2010 7:25,JGT0221,PC-2187,Logoff
{N3A5-F1XS54AB-7143IUSJ},01/04/2010 7:25,DMG0358,PC-5027,Logoff
{Q8U4-K4SU18CP-0616DOFB},01/04/2010 7:26,AMD0077,PC-0330,Logon
{L9W3-C9GV76GD-3224HXGO},01/04/2010 7:26,FAW0032,PC-5866,Logon
{R0O5-I1RQ62DA-8127GVGV},01/04/2010 7:26,KCF0045,PC-8845,Logon
{A8B1-M0HO75QM-1674DLFC},01/04/2010 7:26,KNB0022,PC-9873,Logon
{Q7L7-Y2KA74PX-9269AKOV},01/04/2010 7:26,MSO0222,PC-2524,Logon
{K6R2-G8VZ67AM-2351PZET},01/04/2010 7:27,QNP0216,PC-9564,Logon
{Y9X6-S1UV67UO-3131UHWZ},01/04/2010 7:27,RMS0266,PC-9183,Logon
{X0C2-G5KT30SB-7680PORJ},01/04/2010 7:27,JAV0361,PC-9196,Logoff
{O8J3-V1PG00OH-5000DMVO},01/04/2010 7:28,FRB0023,PC-9874,Logon
{B2Z2-T1FV72XL-6688DIOP},01/04/2010 7:28,MOS0047,PC-5820,Logon
{J7G9-U6TK72EF-7205IDQJ},01/04/2010 7:28,SER0165,PC-7309,Logon
{D2R1-Y1HF35VZ-8859CWIN},01/04/2010 7:29,DFR0218,PC-6634,Logon
{K8T3-J1DH43TK-7998EWKO},01/04/2010 7:29,DVM0265,PC-3324,Logon
{R5E2-D3PP70OQ-6390BMCB},01/04/2010 7:29,JTM0223,PC-9681,Logon
{M2H5-H6SC14RK-6760EWJL},01/04/2010 7:29,MNS0224,PC-8874,Logon
{Q8F4-T2PN68RA-1385XBCV},01/04/2010 7:30,CTR0697,PC-1282,Logon
{I9X7-V5IB81TH-9585PUPZ},01/04/2010 7:30,DCC0160,PC-3839,Logon
{D4Z3-T4LR84YO-4573WTWE},01/04/2010 7:30,LTS0860,PC-1651,Logon
{Z8D6-E8LO83QT-6162TQEP},01/04/2010 7:30,MAW0166,PC-2143,Logon
{P6B7-D3HS32KN-6546YWPA},01/04/2010 7:30,MCF0327,PC-2164,Logon
{N1Y0-I7DJ76JT-5101HQSO},01/04/2010 7:30,MNC0717,PC-7964,Logon
{Y1G4-V6FN88JR-1836DJDK},01/04/2010 7:30,MSH0040,PC-5799,Logon
{D5A0-X7JU66OE-5046SWKB},01/04/2010 7:30,NAR0981,PC-6183,Logon
{M9P5-H0QQ33NZ-7090VFZO},01/04/2010 7:30,NJC0705,PC-5456,Logon
{Z2G8-Q4RU38PG-0643MHFG},01/04/2010 7:30,RLB0719,PC-6776,Logon
{B6T3-O3VS91ZS-5808DVAG},01/04/2010 7:31,AKF0709,PC-8806,Logon
{W7N1-A5MT86IK-4996ICQU},01/04/2010 7:31,AMM0014,PC-7052,Logon
{O9Q4-H9JH07BH-6041FFYZ},01/04/2010 7:31,MIL0255,PC-1107,Logon
{S1P9-O2ZV98XX-5050VBKV},01/04/2010 7:31,NAF0033,PC-7609,Logon
{P5Z7-W2FB87QY-8989CSDP},01/04/2010 7:31,SJO0209,PC-2731,Logon
{T7J9-F0ZJ34FQ-5283HBGA},01/04/2010 7:32,ABH0663,PC-4556,Logon
{I3Y5-T6ZK45VE-9719IAYX},01/04/2010 7:32,AMV0036,PC-8397,Logon
{Z3W3-E3RF56TK-4165ZRSN},01/04/2010 7:32,ATE0869,PC-1313,Logon
{I3V5-F2AA48RG-4597EVFG},01/04/2010 7:32,BBG0325,PC-6609,Logon
{S3S8-A4JF26ZV-1766KSSS},01/04/2010 7:32,DBG0261,PC-6692,Logon
{I5X4-O0NG31JJ-1157YQME},01/04/2010 7:32,IMG0320,PC-0422,Logon
{B3J0-Y4GY87VI-2886XFIW},01/04/2010 7:32,KBL0260,PC-9706,Logon
{G6P0-A6DR49JS-6517DBFL},01/04/2010 7:32,KVT0028,PC-8654,Logon
{A5I1-Q3RS18SG-9605OSJE},01/04/2010 7:32,NBH0256,PC-5852,Logon
{I2G5-M0GP46RF-7694GARX},01/04/2010 7:32,PES0085,PC-3605,Logon
{D1M6-L4VC51GR-1106EZWZ},01/04/2010 7:32,RNP0211,PC-1736,Logon
{B7B9-Q3WV61CA-7089IXDT},01/04/2010 7:32,WBC0315,PC-0215,Logon
{I9K0-W9PV24KA-2993SABT},01/04/2010 7:33,CLH0703,PC-8632,Logon
{G7Z4-J3SX59SD-0417XUYW},01/04/2010 7:33,HDD0789,PC-4518,Logon
{D7S3-Z0XN88VM-3034IESH},01/04/2010 7:33,KCS0173,PC-5117,Logon
{L1D7-S6CE68HG-9958NNUT},01/04/2010 7:33,NSS0876,PC-5910,Logon
{B0I3-U9ST30DU-6550LCRM},01/04/2010 7:33,PDW0259,PC-8804,Logon
{J6D3-W6RQ34HH-5945CKTJ},01/04/2010 7:33,RAR0725,PC-4159,Logon
{T3D8-O1ME76GM-8275IQVK},01/04/2010 7:33,RJB0088,PC-3424,Logon
{G7A4-H2RO68YS-7837HMJA},01/04/2010 7:33,RLG0856,PC-1998,Logon
{Z6W9-F5TG05GL-1901JRPC},01/04/2010 7:33,WXH0872,PC-9460,Logon
{W3W4-Y3CN56LS-1365EEZM},01/04/2010 7:33,YCE0983,PC-3764,Logon
{P5Y5-L9ZP65XJ-3215PPPM},01/04/2010 7:34,ABC0253,PC-2777,Logon
{O4C9-K0WN25JN-1066TEDN},01/04/2010 7:34,AIP0982,PC-3733,Logon
{T1V3-T5KX54VM-7780GPKH},01/04/2010 7:34,CLF0852,PC-0647,Logon
{U1B4-P1WT64DT-1270ISKM},01/04/2010 7:34,JJB0700,PC-1658,Logon
{V6C6-D7RB10OE-2157XKLV},01/04/2010 7:34,SDO0170,PC-0183,Logon
{H4L2-S7MD09YP-3793FHAK},01/04/2010 7:34,WAS0254,PC-0470,Logon
{D3X6-Z9QX06FR-4613QAGU},01/04/2010 7:34,CFG0959,PC-4124,Logoff
{F7R0-P0MM88TL-4450FXIP},01/04/2010 7:34,CWB0065,PC-4124,Logon
{R0R6-J0VZ49YK-9861VOQH},01/04/2010 7:35,AJP0723,PC-1182,Logon
{T0A8-O9TA26YQ-0137NLGY},01/04/2010 7:35,DPS0262,PC-8916,Logon
{H6Q3-W3SV40ND-8198CFOV},01/04/2010 7:35,LNS0989,PC-8884,Logon
{D0N6-X6GN58UI-1351UITR},01/04/2010 7:35,LOF0311,PC-6105,Logon
{I2U1-I4KG22KM-9047OSLA},01/04/2010 7:35,MKP0861,PC-7614,Logon
{B5W0-T0SQ24DH-5707ZGZR},01/04/2010 7:35,RTO0313,PC-3311,Logon
{M3J0-L8IX94BT-7081XMBO},01/04/2010 7:35,UFK0208,PC-3343,Logon
{X8A2-H0YX70GJ-3348YEHJ},01/04/2010 7:35,ZJE0857,PC-9926,Logon
{R9N7-H8NJ38AC-9091BHOJ},01/04/2010 7:36,CCM0855,PC-5382,Logon
{G1J2-N7TT51EN-9751OSFC},01/04/2010 7:36,IDO0176,PC-7886,Logon
{X2H8-I0FT42KU-8120QPIX},01/04/2010 7:36,JCG0316,PC-9245,Logon
{S4P6-L8NV05XB-7229FXIM},01/04/2010 7:36,RYB0718,PC-4030,Logon
{J5U8-J3JV83LL-7522CKWW},01/04/2010 7:36,YJV0699,PC-5329,Logon
{P1U6-R1JA81PC-6900FKOL},01/04/2010 7:36,KRV0372,PC-7843,Logon
{B7R4-F7TL62ZX-8080LNMT},01/04/2010 7:37,DLH0029,PC-9711,Logon
{O8S7-Z3AD78YL-9360NUUR},01/04/2010 7:37,KQC0708,PC-1622,Logon
{M9T9-S3ZY49ZH-2652DMET},01/04/2010 7:37,XLB0710,PC-6637,Logon
{W4Y5-B8FJ22EE-8028IOSA},01/04/2010 7:38,AAL0706,PC-5282,Logon
{H4M9-W5GZ76TW-5980PGFL},01/04/2010 7:38,BAH0875,PC-1377,Logon
{K2V2-R3MN08HY-0377LZHT},01/04/2010 7:38,CCW0031,PC-6286,Logon
{S2C6-D1GK56UP-6397NVJV},01/04/2010 7:38,FGW0853,PC-8055,Logon
{S2C4-K1OV96IT-0758CWAS},01/04/2010 7:38,FQA0854,PC-2582,Logon
{Q2F5-V4OR60TD-8246LYKB},01/04/2010 7:38,FWM0707,PC-4011,Logon
{W8T5-O8PL73FN-9556TNFD},01/04/2010 7:38,IBB0696,PC-4289,Logon
{V9O8-D7WT00NW-5938GQUS},01/04/2010 7:38,JOL0024,PC-2094,Logon
{F1W0-K3EE32VW-1078OEFF},01/04/2010 7:38,JRG0207,PC-8908,Logon
{R0M4-F8BY32IK-4961RFPP},01/04/2010 7:38,MBR0724,PC-8724,Logon
{J0N9-M6ES97YV-3075RSTG},01/04/2010 7:38,MCT0720,PC-4952,Logon
{N2Y0-Q4CD51IP-3599UKGC},01/04/2010 7:38,PEV0323,PC-7236,Logon
{Z8C4-E8YP75FB-6682LKAO},01/04/2010 7:38,SAP0867,PC-8149,Logon
{J9L1-X7HH67VB-4636ZFEW},01/04/2010 7:39,BMS0877,PC-2904,Logon
{Y6O0-F3ZN15CX-4969ZJDW},01/04/2010 7:39,JDB0169,PC-7502,Logon
{G7H1-S0FO09CI-2554OOSZ},01/04/2010 7:39,NAF0326,PC-0384,Logon
{I7W6-B4JV94ZT-5940GHFK},01/04/2010 7:39,WDO0870,PC-4690,Logon
{F3R8-E9EI34AZ-1723YSCL},01/04/2010 7:39,WKF0012,PC-9966,Logon
{C8X5-Y2XA92GX-9966UVWV},01/04/2010 7:40,BER0314,PC-8556,Logon
{Q3U7-G6EE94FQ-3100VOMG},01/04/2010 7:40,CCR0863,PC-7342,Logon
{M9U9-V3QT29SI-8017NEQZ},01/04/2010 7:40,HKI0171,PC-8733,Logon
{B5C8-M5LZ10UV-9450JUIJ},01/04/2010 7:40,HPM0986,PC-0092,Logon
{Z5R8-B9JO82NG-4566HCDD},01/04/2010 7:40,KKW0879,PC-2531,Logon
{K8L8-S3VM65OD-0495BFER},01/04/2010 7:40,LHL0309,PC-5289,Logon
{P1Y5-C0KJ26FS-4200XUZB},01/04/2010 7:40,MKG0711,PC-2368,Logon
{D2X0-G2DT16YV-6756HWCX},01/04/2010 7:40,NWK0215,PC-8370,Logon
{S8V4-N2RM67WH-3047JXUQ},01/04/2010 7:40,OCS0865,PC-8309,Logon
{D0D0-H1HC22MT-3305QRHO},01/04/2010 7:40,PDH0716,PC-0379,Logon
{P1Q1-H3QK21NS-5626GMZW},01/04/2010 7:40,CWB0065,PC-4124,Logoff
{Q4Q3-B4DC28RX-2789KPMD},01/04/2010 7:41,ASS0206,PC-5276,Logon
{C1E1-H4QS73QV-8021GYOG},01/04/2010 7:41,DMK0257,PC-1279,Logon
{G6O0-Q5PM75UW-5343BXSP},01/04/2010 7:41,EDB0714,PC-6103,Logon
{R3T4-V1GS94DG-9988FKFV},01/04/2010 7:41,JCW0858,PC-2381,Logon
{L8E9-Y2ON98UK-8935ULNT},01/04/2010 7:41,PLH0862,PC-9669,Logon
{V0C2-S5GX17CM-9896HHGS},01/04/2010 7:41,NKH0979,PC-4124,Logon
{U2F2-I2XH37DI-4194VSWK},01/04/2010 7:42,ABC0174,PC-5156,Logon
{O4Y8-N0IK58UF-2261TZKY},01/04/2010 7:42,CEB0210,PC-8793,Logon
{Q2A6-V3CN26LY-4289BZQQ},01/04/2010 7:42,COM0321,PC-3567,Logon
{U9Y2-X9ZP21BN-0433ZXIL},01/04/2010 7:42,HMW0713,PC-7974,Logon
{I8C8-E1QT37LU-3214DNMU},01/04/2010 7:42,JMB0308,PC-0814,Logon
{X3E4-Q6IF02AF-3633ZDWX},01/04/2010 7:42,KBS0874,PC-5106,Logon
{D6R7-W1ZD61PX-9351DDHM},01/04/2010 7:42,MCS0035,PC-9367,Logon
{D3C1-Y5DI71NH-5004ADFV},01/04/2010 7:42,MIM0712,PC-1526,Logon
{J2V4-M7YW60KE-0994YMSH},01/04/2010 7:42,PLH0715,PC-0653,Logon
{J9Y8-V2AV04FM-2069LWZF},01/04/2010 7:42,AJF0370,PC-6956,Logon
{V2F3-O0TD53QN-9551ATJJ},01/04/2010 7:43,AMR0318,PC-6239,Logon
{P8V9-T8MV96JQ-5283JMUC},01/04/2010 7:43,ARL0034,PC-9080,Logon
{V2Z6-C1TA00YH-3939OYKB},01/04/2010 7:43,CJH0702,PC-8541,Logon
{T1Q9-R9LT63LL-8355KIPM},01/04/2010 7:43,DIC0988,PC-5454,Logon
{B1L7-L7FK15SO-5610ZOSG},01/04/2010 7:43,EMS0317,PC-9647,Logon
{N9C8-H4KN75TV-8425IJXF},01/04/2010 7:43,GRM0868,PC-8443,Logon
{C7A9-G0QI54YY-9892CLWN},01/04/2010 7:43,MAS0025,PC-2512,Logon
{D3Z1-D5TW24MR-3580RLHF},01/04/2010 7:43,MCJ0324,PC-7595,Logon
{Z2N5-I1HM16AU-7334IFFA},01/04/2010 7:43,MSZ0310,PC-4411,Logon
{Q2W4-B9KL23UR-6015CILC},01/04/2010 7:43,NKH0979,PC-4124,Logoff
{M4A1-D9WN65NG-0464YYSQ},01/04/2010 7:43,JTM0223,PC-4124,Logon
{C3X6-O7OW66CU-4868OPVI},01/04/2010 7:44,AJH0175,PC-3815,Logon
{P7L6-G3GQ36XX-7632CCYB},01/04/2010 7:44,AKW0167,PC-7109,Logon
{T3H7-G2IO89YS-1730UYYZ},01/04/2010 7:44,BDV0168,PC-2464,Logon
{U0Y3-H6SM66SE-8510ARIJ},01/04/2010 7:44,BTL0722,PC-2843,Logon
{M0Z0-R0JS98SZ-3753QSJA},01/04/2010 7:44,CKP0721,PC-8097,Logon
{S9I3-Z8VE88AD-0595UHCX},01/04/2010 7:44,CPG0322,PC-4905,Logon
{Q0M1-Z6EH92NL-7865VHPN},01/04/2010 7:44,HAM0985,PC-9010,Logon
{W9U5-R8ZP92MA-2829LANK},01/04/2010 7:44,LOM0086,PC-9087,Logon
{F2E1-Y1RY79NX-5779ZURJ},01/04/2010 7:44,SBN0866,PC-8714,Logon
{J6V5-Q4VG13LP-8831PDGG},01/04/2010 7:44,THR0873,PC-4804,Logon
{H9D8-W8JD44YM-1093FQMJ},01/04/2010 7:45,ASL0378,PC-5031,Logon
{L1E7-X3QD46FF-2665BQTI},01/04/2010 7:45,CQH0701,PC-8164,Logon
{Q8S5-Q1UG73VJ-5307CLOX},01/04/2010 7:45,DTT0076,PC-9973,Logon
{K9C3-R7VE46LT-4707VZHQ},01/04/2010 7:45,FLM0213,PC-8453,Logon
{S1C5-T2UL62ZU-0049PRWI},01/04/2010 7:45,GDF0704,PC-0377,Logon
{R7U8-V4FK08AJ-8652AKTQ},01/04/2010 7:45,GHL0460,PC-6255,Logon
{F9X0-E0GU73EE-9073BJRD},01/04/2010 7:45,HJB0742,PC-5635,Logon
{A5K0-S1HW35PY-3386TOAI},01/04/2010 7:45,HVB0037,PC-7979,Logon
{K4T3-P1WE38LF-1854PBQD},01/04/2010 7:45,IJW0851,PC-5552,Logon
{S8S3-Y6FE43TO-7592FJWF},01/04/2010 7:45,IKR0401,PC-6741,Logon
{N4E3-Q2CW77KA-5899SAPK},01/04/2010 7:45,JAD0609,PC-7879,Logon
{U9S5-M6LF29QO-3276XYBF},01/04/2010 7:45,JTM0223,PC-4124,Logoff
{L4J2-Q4CO56QB-8787VSLT},01/04/2010 7:45,KJS0618,PC-0133,Logon
{D7V9-J8KO04JD-4320TDCV},01/04/2010 7:45,LFS0071,PC-9292,Logon
{V2Z7-W0RM02NZ-9360ZFHP},01/04/2010 7:45,MAH0864,PC-2024,Logon
{Q5S6-E7VE73CF-0472DTGJ},01/04/2010 7:45,MBJ0312,PC-5250,Logon
{Q7E6-N1GU28OX-6734LZXN},01/04/2010 7:45,RSC0089,PC-9929,Logon
{W7H7-V4BE77PZ-6392NBXC},01/04/2010 7:45,RUM0880,PC-8592,Logon
{U5Z7-P4YE55UG-0445YVUG},01/04/2010 7:45,SVS0871,PC-2335,Logon
{T8J9-V0CM32MK-6249DQZT},01/04/2010 7:45,TQS0212,PC-4707,Logon
{R2L4-G5LK26IQ-6157VIHB},01/04/2010 7:45,VAA0087,PC-3020,Logon
{R4Z9-V1RU53CM-6292MHQE},01/04/2010 7:45,XBN0229,PC-7655,Logon
{G8U8-U9KD76AP-3272WLTR},01/04/2010 7:45,ZDW0859,PC-2066,Logon
{C2J1-M6VK73XC-8196OBCX},01/04/2010 7:45,ZSK0258,PC-0461,Logon
{R1Q3-H4VE27AN-7113CKHH},01/04/2010 7:45,MNC0717,PC-4124,Logon
{K2J0-H1PF69CO-4335LPIZ},01/04/2010 7:46,AAS0442,PC-1039,Logon
{R2H1-N4TQ82LK-7535SNCB},01/04/2010 7:46,BEH0615,PC-9461,Logon
{K8E0-P4OR74LW-2916WYQO},01/04/2010 7:46,CRP0456,PC-4328,Logon
{U4M4-Q5KO34BB-4790JQKF},01/04/2010 7:46,FTM0406,PC-1786,Logon
{R1I8-C1DG61ZB-4015PIYI},01/04/2010 7:46,HIW0536,PC-5425,Logon
{W4I5-R3WR10LO-1198NWYH},01/04/2010 7:46,JAM0382,PC-1805,Logon
{T6S3-Q3JE24TL-4985ADHR},01/04/2010 7:46,JRH0455,PC-7539,Logon
{B2B4-H1AS66SJ-2636KJYD},01/04/2010 7:46,KJW0416,PC-4955,Logon
{G5B1-Q9HS39XN-0934HLYC},01/04/2010 7:46,MBG0438,PC-6157,Logon
{F9G2-Z3SF26EH-5136YDAJ},01/04/2010 7:46,MDM0976,PC-2462,Logon
{F6D9-U3EJ61MZ-7409YHCP},01/04/2010 7:46,MES0407,PC-8827,Logon
{V3W1-T8TP96ZB-6678PCFQ},01/04/2010 7:46,MHG0244,PC-9988,Logon
{F6N3-E5RJ85AB-5262BZRB},01/04/2010 7:46,QPM0727,PC-3406,Logon
{R7Q4-N4QY93NE-4065PZTV},01/04/2010 7:46,RCC0617,PC-8214,Logon
{P0Q1-L9AV43HF-6550YWKW},01/04/2010 7:46,TDS0984,PC-7088,Logon
{J8T7-V6PL67UO-6730WQNJ},01/04/2010 7:46,UCS0227,PC-6310,Logon
{U4J5-Z1FL35FT-4579PLFA},01/04/2010 7:46,VIA0063,PC-2684,Logon
{P1O9-L1QS12WZ-5587YIZM},01/04/2010 7:47,AIM0627,PC-3297,Logon
{K0I0-V4GL12KL-8225VYZT},01/04/2010 7:47,AIS0405,PC-8105,Logon
{A1I0-Y3ES51JW-7758VYNJ},01/04/2010 7:47,BAM0611,PC-3620,Logon
{B5F2-W2CI04XE-2451IULA},01/04/2010 7:47,BBS0422,PC-4551,Logon
{L9B8-X7HR37YZ-5042DNLK},01/04/2010 7:47,CKD0680,PC-6282,Logon
{E7R0-L8TI20UZ-4861KSCN},01/04/2010 7:47,EGD0409,PC-3263,Logon
{Z5U9-P1YP00WL-3195RKRY},01/04/2010 7:47,FSC0601,PC-9066,Logon
{K0S8-U6QU21ES-9408BAEB},01/04/2010 7:47,GJT0386,PC-5368,Logon
{O8J9-G2TZ55ZQ-1453CCIU},01/04/2010 7:47,GLR0975,PC-5468,Logon
{G8A2-O1SX08JW-3149ZKWL},01/04/2010 7:47,GOK0238,PC-0039,Logon
{B1K8-T0GW38CS-8250UHWE},01/04/2010 7:47,GZB0469,PC-3887,Logon
{E2C9-O9XW83YY-6009AEPR},01/04/2010 7:47,HCW0419,PC-3772,Logon
{T7O3-T1JR31BC-8691ADTP},01/04/2010 7:47,HKR0628,PC-6269,Logon
{S1X1-E8PO01AS-5337NUWV},01/04/2010 7:47,JKF0465,PC-6797,Logon
{D8R9-D4AW12XY-1476FESN},01/04/2010 7:47,JKJ0698,PC-1917,Logon
{F6F5-G9EK83EN-8962ZJJJ},01/04/2010 7:47,KMW0545,PC-3962,Logon
{Y7Z8-A2UC22PI-4573OJOC},01/04/2010 7:47,KQS0415,PC-3124,Logon
{H9M3-T1ES27JA-3371TWOH},01/04/2010 7:47,LBF0214,PC-3819,Logon
{Q4I0-L3UD65BO-9554YCKP},01/04/2010 7:47,RAH0440,PC-6610,Logon
{I4Y5-J1VP78NW-2247IXYL},01/04/2010 7:47,RDT0424,PC-3742,Logon
{M6C9-O4BO07UJ-7316KERE},01/04/2010 7:47,RGH0728,PC-8568,Logon
{G4K7-M3OO74IW-2967NPNL},01/04/2010 7:47,KRV0372,PC-7843,Logoff
{A8Q7-B0DV48KT-6811IQHE},01/04/2010 7:48,AJL0462,PC-7416,Logon
{B5W4-D3DF90SZ-2989LLZG},01/04/2010 7:48,BDB0453,PC-1949,Logon
{E4R2-C5RX26JI-3065TBUV},01/04/2010 7:48,BHW0458,PC-2077,Logon
{J9T3-W9BR62AA-8845RSJW},01/04/2010 7:48,BTL0226,PC-4534,Logon
{Q9U7-N1EP03MX-3429UFCH},01/04/2010 7:48,BYP0070,PC-6621,Logon
{M0R8-V2SA28SC-4778IRSJ},01/04/2010 7:48,CBG0398,PC-5927,Logon
{L1G7-S5JZ89MK-1468PSYT},01/04/2010 7:48,CCC0393,PC-8610,Logon
{G9G8-E7ZB63DC-4182ZTQO},01/04/2010 7:48,CRD0624,PC-0441,Logon
{T8I7-S0GE24WX-2230YWCU},01/04/2010 7:48,EBC0390,PC-8830,Logon
{O7A5-I3CI17GC-9906QEWN},01/04/2010 7:48,GQP0743,PC-8354,Logon
{C5E1-S3ZS64TI-9102JLYE},01/04/2010 7:48,IIW0249,PC-0843,Logon
{F5X2-D5VB44ZY-4815WAQV},01/04/2010 7:48,IJM0444,PC-8734,Logon
{R9B9-U5XR56XT-2453ODMX},01/04/2010 7:48,JCR0172,PC-6713,Logon
{S0E9-K3VZ30VN-1574QWVS},01/04/2010 7:48,JPA0667,PC-6034,Logon
{F7T1-L2GG54UM-5529FIXD},01/04/2010 7:48,LIM0674,PC-9582,Logon
{O4D4-D6FD45FS-8544FGBE},01/04/2010 7:48,MKW0441,PC-1795,Logon
{H8U3-W3XP53OX-3392JTPF},01/04/2010 7:48,NUL0471,PC-2085,Logon
{P5D3-M6EE79NU-0642GXUR},01/04/2010 7:48,QRM0739,PC-7343,Logon
{A0V9-C4KW55QK-5641SVSA},01/04/2010 7:48,SEJ0677,PC-0507,Logon
{B8C3-R3VU56OB-1508VMTL},01/04/2010 7:48,UJC0737,PC-9612,Logon
{V9H2-M8BD58YX-9044KHID},01/04/2010 7:49,AAV0450,PC-6419,Logon
{Z5O7-R0LK70CC-2870HXXP},01/04/2010 7:49,ABN0239,PC-9523,Logon
{P1G5-Z9KK60WE-7938DGZN},01/04/2010 7:49,ALH0402,PC-2119,Logon
{V8O7-L9SW08IB-3073WDYY},01/04/2010 7:49,AMR0400,PC-2266,Logon
{K9L7-E8EG47WR-8320KPRD},01/04/2010 7:49,BJW0619,PC-9653,Logon
{T6A4-T0XI82OK-1062WDIK},01/04/2010 7:49,CGA0629,PC-5660,Logon
{Z3Q6-R0ET31ZQ-7790NAXH},01/04/2010 7:49,CTA0020,PC-3118,Logon
{M4Q8-S6SZ49WP-2830ORJK},01/04/2010 7:49,DZC0228,PC-7478,Logon
{C9F2-Q1TW69JA-2072GXTB},01/04/2010 7:49,ENC0234,PC-7145,Logon
{D8Y2-N4RB13FV-0921NDGF},01/04/2010 7:49,GMF0738,PC-4204,Logon
{G1A9-Q7MU82ML-4572HGST},01/04/2010 7:49,JOM0750,PC-8989,Logon
{O3C3-C3CD53YV-5794OYOM},01/04/2010 7:49,KBG0549,PC-0146,Logon
{G6Z5-Y2DS34DU-1092FVYZ},01/04/2010 7:49,MTB0620,PC-9348,Logon
{Y2Q2-T0LL36QT-0211EMKI},01/04/2010 7:49,OKB0439,PC-3465,Logon
{G7R2-H0ZO68MG-6874YUVC},01/04/2010 7:49,ORM0669,PC-4860,Logon
{W9H6-Z1CQ18GI-3314PCFB},01/04/2010 7:49,PKB0429,PC-1521,Logon
{D8F1-N7BV01TN-4243MNBT},01/04/2010 7:49,PTH0552,PC-0800,Logon
{V5W8-T5HN62XH-3594PFDR},01/04/2010 7:49,RKD0604,PC-9379,Logon
{M1A5-Y0YG50MN-5503AJIE},01/04/2010 7:49,SDF0017,PC-1476,Logon
{W8P2-W0JV18IW-6134QBZI},01/04/2010 7:49,SJW0451,PC-7902,Logon
{N0F6-Y4PU79ZI-1860HIKS},01/04/2010 7:50,ADC0391,PC-4729,Logon
{W1H9-K0ZE28QP-7494EAIL},01/04/2010 7:50,ANP0555,PC-6173,Logon
{G9P4-L0YR98OD-8637SATB},01/04/2010 7:50,ASG0048,PC-0427,Logon
{L4G5-R0JP26JL-2043VLWJ},01/04/2010 7:50,BCB0679,PC-0290,Logon
{I9J5-R1EV26CU-6477XQUT},01/04/2010 7:50,CCL0068,PC-7699,Logon
{Y4C5-E8TI82GO-1949BRGI},01/04/2010 7:50,CCM0467,PC-9850,Logon
{Q0I1-C9NP97TK-6825BZXY},01/04/2010 7:50,DBS0235,PC-1590,Logon
{M9V3-L8JO02UG-4823EHEQ},01/04/2010 7:50,HAH0248,PC-6027,Logon
{L4T3-C0LV42KK-1148LHNY},01/04/2010 7:50,HJS0072,PC-0836,Logon
{Z5E6-S0IA17LL-0569UVHJ},01/04/2010 7:50,JMH0543,PC-7345,Logon
{O3I9-E2LK67WN-1995LBFM},01/04/2010 7:50,JTS0389,PC-9931,Logon
{T8G2-W8YT28DI-5490CQAW},01/04/2010 7:50,LLV0602,PC-5562,Logon
{E3U7-P0YF50RG-4279JBMF},01/04/2010 7:50,MYD0978,PC-3401,Logon
{L5R1-S6CV48KJ-4149MPRT},01/04/2010 7:50,SCF0608,PC-8864,Logon
{I6G2-S0HL95BJ-8283FYJG},01/04/2010 7:50,SMW0084,PC-8396,Logon
{H2H5-G5SI03CX-8536NUQU},01/04/2010 7:50,SOG0411,PC-9390,Logon
{M9H0-F4OT61BY-5102ZUKR},01/04/2010 7:50,TBT0461,PC-4679,Logon
{U4H5-H2VP41BU-8301AAAZ},01/04/2010 7:50,TSB0437,PC-6807,Logon
{N5J2-L7IJ75NT-6019VBCA},01/04/2010 7:50,WVB0539,PC-7243,Logon
{H8U6-R3FH59IC-9673IKEB},01/04/2010 7:51,AJN0607,PC-8303,Logon
{P2O1-R5YL44AU-0074QMHF},01/04/2010 7:51,AOB0019,PC-4479,Logon
{I2C8-S2PS19QC-6745CFJA},01/04/2010 7:51,EZH0736,PC-4209,Logon
{Z7K4-L8SX50MT-7860WBFZ},01/04/2010 7:51,GAF0060,PC-4911,Logon
{O9D4-V3JI82AI-4006FAMR},01/04/2010 7:51,GZC0735,PC-8219,Logon
{D7R3-P4OX15GM-4975NHVH},01/04/2010 7:51,HBO0413,PC-7384,Logon
{I6W6-D9ZY80QU-5374BEOQ},01/04/2010 7:51,HVF0067,PC-9939,Logon
{O2M9-U0FZ06LK-9930TGMR},01/04/2010 7:51,KRM0541,PC-4722,Logon
{S6Q4-D9UV77MH-6356YXLY},01/04/2010 7:51,LCD0622,PC-0235,Logon
{S1T8-K2TY03GR-6914MFWW},01/04/2010 7:51,MLD0755,PC-6233,Logon
{D3Y0-G0AQ70XF-7509BMGK},01/04/2010 7:51,NNA0610,PC-1500,Logon
{R5O1-N8LP75QA-8226THTQ},01/04/2010 7:51,PRM0740,PC-1017,Logon
{B9C9-Y1VS04IP-0397TYVP},01/04/2010 7:51,SSG0250,PC-6809,Logon
{F9A8-J2QW58VW-1102WTKD},01/04/2010 7:51,THD0448,PC-9979,Logon
{P8U0-Q9XR12YM-8480OCKV},01/04/2010 7:51,VCC0396,PC-4582,Logon
{D7G0-U0ZD59AY-7733RXIO},01/04/2010 7:52,ADF0397,PC-7527,Logon
{W8H1-J9EF86RL-2155OIRG},01/04/2010 7:52,AHM0410,PC-3686,Logon
{X2Y8-E3WS10WS-8577UDNK},01/04/2010 7:52,AJR0319,PC-4736,Logon
{Z1P6-A8DG47WD-2609ABBM},01/04/2010 7:52,CQH0730,PC-0532,Logon
{A4J8-X5AS18MH-3782NOIF},01/04/2010 7:52,DAL0673,PC-9156,Logon
{N4P0-H0XW49FX-0678XJQL},01/04/2010 7:52,DTP0379,PC-4861,Logon
{O6X4-D3IZ07YZ-9305KJZX},01/04/2010 7:52,ETR0428,PC-0508,Logon
{H0D7-H9LI59DE-2301BYCD},01/04/2010 7:52,FSB0399,PC-1275,Logon
{A4E7-I0CR33MV-9040RIGE},01/04/2010 7:52,HRW0550,PC-3738,Logon
{K3G8-X4ID28VE-6581PMXS},01/04/2010 7:52,JER0404,PC-0928,Logon
{P6K3-F9WE19PG-5550UYEC},01/04/2010 7:52,JPW0741,PC-5762,Logon
{Z5W8-F6QY85QT-8852EMXO},01/04/2010 7:52,MDM0625,PC-4984,Logon
{Q7S0-D3NT49PP-9904ABEN},01/04/2010 7:52,NKP0236,PC-5010,Logon
{O5X4-W5XH12QE-2859PHTB},01/04/2010 7:52,OJK0233,PC-0603,Logon
{W1S3-A8GF07VK-8966IQYM},01/04/2010 7:52,ONW0083,PC-1980,Logon
{Q7L8-B2NW56AM-4116KSWX},01/04/2010 7:52,TAP0551,PC-7623,Logon
{O3W0-C6DW87RW-8507OJBX},01/04/2010 7:53,AIH0675,PC-6009,Logon
{U5O6-F1ZQ44NF-7020YJZS},01/04/2010 7:53,CAB0614,PC-6638,Logon
{S1T2-C1RR21WO-6516AVBH},01/04/2010 7:53,CMS0454,PC-4155,Logon
{J9K9-A4GL07VK-1946JPIA},01/04/2010 7:53,CNE0352,PC-2766,Logon
{X9C2-G3GQ09BU-4199EYNG},01/04/2010 7:53,ESJ0670,PC-2321,Logon
{J4Y3-Z0TQ11CD-1826SNYJ},01/04/2010 7:53,HDJ0446,PC-3378,Logon
{C0S4-M7YC64VY-2360BEPF},01/04/2010 7:53,HGG0240,PC-1108,Logon
{V9L5-H5DU36US-0972ISLW},01/04/2010 7:53,HKB0418,PC-3651,Logon
{P9S4-S7CV23TO-9710YAEE},01/04/2010 7:53,KAL0395,PC-0004,Logon
{O3D2-B3QE68LN-7470SNTD},01/04/2010 7:53,KPP0452,PC-3989,Logon
{Q6W4-D6BI35BW-6000TRBP},01/04/2010 7:53,MGS0974,PC-0351,Logon
{M7P6-Q7TB88IZ-0629XUOK},01/04/2010 7:53,NDM0417,PC-9134,Logon
{O4O2-B0ZL06AP-3199IMXD},01/04/2010 7:53,NGC0058,PC-7558,Logon
{X9T9-G6QN16CG-1878NPAH},01/04/2010 7:53,ORB0473,PC-5388,Logon
{A2J5-U1YA09KI-0539TLNU},01/04/2010 7:53,PGO0433,PC-7770,Logon
{L1V6-H5HO76LE-3214WMWH},01/04/2010 7:53,QOS0878,PC-2211,Logon
{F8O2-E1NP06PO-7845SMBW},01/04/2010 7:53,TPH0474,PC-7264,Logon
{D0B7-O6AJ59NG-2379QDBA},01/04/2010 7:54,BNG0237,PC-2177,Logon
{K6M1-S9YP45FH-1037LQXW},01/04/2010 7:54,BSA0431,PC-2187,Logon
{S3Y7-Z8JB11HC-2834JRFO},01/04/2010 7:54,CJG0470,PC-2765,Logon
{I8W1-V1HH12JJ-7491GTSU},01/04/2010 7:54,CSB0080,PC-0731,Logon
{J9D6-C6LP62VM-2903ZRTZ},01/04/2010 7:54,DMM0623,PC-5383,Logon
{G1X7-N3CY89HZ-4066KKZN},01/04/2010 7:54,FBW0747,PC-2349,Logon
{Q4D9-Z5HU08IA-4107DTHO},01/04/2010 7:54,GCR0554,PC-0191,Logon
{C4T3-Z6EB33IE-0344BVZR},01/04/2010 7:54,IBM0671,PC-4633,Logon
{T3H8-E7CZ96QM-1761GKOA},01/04/2010 7:54,RFP0380,PC-9219,Logon
{P5Z9-E8LK74TT-2075UESU},01/04/2010 7:54,TET0621,PC-5252,Logon
{P1R2-S7LF43DN-1520NNYA},01/04/2010 7:55,AIP0394,PC-3942,Logon
{E6N1-C5JY59EE-0547IZML},01/04/2010 7:55,ALD0544,PC-7552,Logon
{B8H0-D0XU77ZZ-8140QVKK},01/04/2010 7:55,AMH0464,PC-2059,Logon
{T3L0-N8NE64LK-9724BVJZ},01/04/2010 7:55,BLS0678,PC-6031,Logon
{B8S9-O1VG68MF-3813WFEG},01/04/2010 7:55,BMC0547,PC-3629,Logon
{X4Z3-L4QU77WA-3926PZRH},01/04/2010 7:55,CAA0612,PC-1289,Logon
{D8I2-X1XX63ZO-8008NEZU},01/04/2010 7:55,DLF0377,PC-4368,Logon
{I4X3-L2IV70TX-5161NIMY},01/04/2010 7:55,GBM0603,PC-3785,Logon
{G3Z4-A0CE14ZH-6858JRBW},01/04/2010 7:55,KPC0073,PC-2638,Logon
{H6O9-E5PX90UT-1739RSVA},01/04/2010 7:55,KWC0004,PC-2017,Logon
{O8C7-S2FK60OE-9042JIQQ},01/04/2010 7:55,MPT0376,PC-7408,Logon
{W8F8-Y1KE36IO-2612IJDY},01/04/2010 7:55,NCK0421,PC-6960,Logon
{X6K1-N7WU43PC-3057YABT},01/04/2010 7:55,NJB0243,PC-3752,Logon
{M5H9-G7HV23QV-7182DXEV},01/04/2010 7:55,OLB0749,PC-0467,Logon
{X2X7-A9ML76JC-6869SWVT},01/04/2010 7:55,VCY0751,PC-5337,Logon
{F1E3-O7CB21GF-1909FJLK},01/04/2010 7:55,VSA0230,PC-9547,Logon
{H5T6-D4BF23OD-0316MSFW},01/04/2010 7:56,BIH0745,PC-2661,Logon
{A6L2-V0RO62RB-6132YZFC},01/04/2010 7:56,BTN0061,PC-3682,Logon
{A5N2-G5GI40BZ-7005IMFU},01/04/2010 7:56,DBB0384,PC-4243,Logon
{S0D8-D0PA39WM-2876SHCK},01/04/2010 7:56,DPM0423,PC-2567,Logon
{C0K0-T3BW76YR-3483HIMK},01/04/2010 7:56,EHB0420,PC-1586,Logon
{Y8V8-R4VH95RI-3758VNEQ},01/04/2010 7:56,JBD0616,PC-1479,Logon
{V5H6-Z5ED84HX-7562HGPP},01/04/2010 7:56,JBM0350,PC-9744,Logon
{I0C3-U4ZK88DG-1691DPMS},01/04/2010 7:56,JCV0245,PC-9136,Logon
{G6J5-P4MQ48WT-5770JVTI},01/04/2010 7:56,KWE0082,PC-1933,Logon
{W1T5-S7NM28OO-2656BNZU},01/04/2010 7:56,LEM0605,PC-0967,Logon
{D1U8-I6WA58GC-7183EVKE},01/04/2010 7:56,NCO0666,PC-6519,Logon
{H9X4-I0TF05FT-9942HXVQ},01/04/2010 7:56,RMW0542,PC-7543,Logon
{C1K3-D4SK38YO-3389VWNW},01/04/2010 7:56,RZC0746,PC-7500,Logon
{H0B9-C6BO98WH-7269CTFE},01/04/2010 7:56,SRS0231,PC-3684,Logon
{I2S7-Q2AK58IU-8777UJZX},01/04/2010 7:56,TEB0251,PC-6913,Logon
{P6N8-W7QE59LM-0237GYJI},01/04/2010 7:56,VTT0385,PC-5027,Logon
{G6X2-U4PM86WV-8720FTVP},01/04/2010 7:56,MNC0717,PC-4124,Logoff
{J4D9-S3LA61CP-2446NKIX},01/04/2010 7:56,RSM0277,PC-4124,Logon
{O7A7-F0BY97ID-7290OMEU},01/04/2010 7:57,AAW0353,PC-8732,Logon
{T0E3-N0EI20RV-4283WDGQ},01/04/2010 7:57,AKR0057,PC-2879,Logon
{Y2D0-Z3XJ10AR-7500MHHN},01/04/2010 7:57,BSS0463,PC-9166,Logon
{J8N1-Q7RW62QK-1380GAFH},01/04/2010 7:57,BXJ0010,PC-2231,Logon
{W2N6-C0VN11IZ-5595CEPA},01/04/2010 7:57,CKB0427,PC-2709,Logon
{W0O6-A0GE49DP-0485JPJF},01/04/2010 7:57,DSB0731,PC-9254,Logon
{L9M5-T1QC98PQ-4887CRJH},01/04/2010 7:57,HRB0351,PC-0697,Logon
{D8A1-T0RY35UI-9064GSQI},01/04/2010 7:57,JJH0613,PC-9171,Logon
{C6E3-K1ZH69PU-6308GVYJ},01/04/2010 7:57,LCB0664,PC-3196,Logon
{M7R9-F7KZ83WH-8898VTGP},01/04/2010 7:57,MLP0668,PC-0772,Logon
{P9C2-C9GA78FF-9606XXPT},01/04/2010 7:57,MSS0001,PC-3952,Logon
{P3L7-O9OR82XU-1580UBZJ},01/04/2010 7:57,PPF0435,PC-1809,Logon
{A4L9-C8AG93QR-4527RMZZ},01/04/2010 7:57,RGN0408,PC-3687,Logon
{O1R6-I8DR25KC-1537GBDE},01/04/2010 7:57,TMA0069,PC-1013,Logon
{I0F0-T4QS29DJ-4564HDRW},01/04/2010 7:57,TSR0676,PC-9227,Logon
{H0Z4-L4XS81BF-6803CSET},01/04/2010 7:57,ZFM0468,PC-6478,Logon
{N4P8-Z0IO91BG-3802KVFF},01/04/2010 7:57,AJF0370,PC-6956,Logoff
{A5P0-F9FU56JT-4185VDIE},01/04/2010 7:58,ANT0430,PC-9028,Logon
{U2A8-Q7LK83BG-6780SHKK},01/04/2010 7:58,BIS0247,PC-9324,Logon
{T3Z6-F4GJ55SB-2255HLLN},01/04/2010 7:58,DGF0443,PC-1514,Logon
{A2G4-S4DS05YM-9661TAAO},01/04/2010 7:58,DGM0754,PC-0728,Logon
{W2Q5-K8WF45OS-4596VJYT},01/04/2010 7:58,EPW0434,PC-4560,Logon
{N2P9-E7DR91MD-6237VMKO},01/04/2010 7:58,FHO0630,PC-9999,Logon
{E5F8-G1IB60EE-5485IMCN},01/04/2010 7:58,HDL0748,PC-2441,Logon
{D7U4-K3KK65FT-8901JRWT},01/04/2010 7:58,HSD0457,PC-3622,Logon
{C4S2-J7LD55LJ-1334JXWR},01/04/2010 7:58,HWW0436,PC-8391,Logon
{L9U2-N8PO09GM-3074BAVI},01/04/2010 7:58,KVS0425,PC-3296,Logon
{G8Z4-Y6TO08HP-8436XRVV},01/04/2010 7:58,LDG0459,PC-5621,Logon
{U1X6-U3PR74OH-3221NXTY},01/04/2010 7:58,LHB0606,PC-4390,Logon
{C0R2-U4DU51AY-0477PUJJ},01/04/2010 7:58,MHG0733,PC-7827,Logon
{P8N7-F6UW82LV-0875MHSL},01/04/2010 7:58,NRD0548,PC-4527,Logon
{T1U0-V0DU50QJ-1353CXVF},01/04/2010 7:58,PGC0066,PC-8296,Logon
{A4X1-O0DH28SR-5874DMHH},01/04/2010 7:58,RJM0381,PC-8800,Logon
{C4S0-S7LV44JR-8278OPZC},01/04/2010 7:58,SIJ0661,PC-6175,Logon
{L7B8-Q7HT46YF-1881TNPW},01/04/2010 7:58,RSM0277,PC-4124,Logoff
{C9Q1-D8UO34KB-2424GNAX},01/04/2010 7:58,JAD0609,PC-4124,Logon
{E4U4-O3DJ02UD-2934PLCQ},01/04/2010 7:58,RZC0746,PC-4925,Logon
{S2C2-G3HE83QH-4972MNFE},01/04/2010 7:59,ARA0252,PC-4886,Logon
{Y4P5-N2GP10QK-9304LSQV},01/04/2010 7:59,BSH0445,PC-6194,Logon
{V6G4-C0SK83PU-0045HUSE},01/04/2010 7:59,BTR0403,PC-8277,Logon
{Q1T6-K7XC04DO-8321XRLK},01/04/2010 7:59,DGW0752,PC-5090,Logon
{J8B0-C6OB67WB-3076MZFS},01/04/2010 7:59,EAH0466,PC-3579,Logon
{Z0Y3-K6IP12CW-0779DULO},01/04/2010 7:59,HIA0414,PC-6971,Logon
{Q2F6-L5ZT91DT-8190QQSJ},01/04/2010 7:59,HJA0018,PC-3985,Logon
{A6I4-I0XO16FS-3549RJSL},01/04/2010 7:59,JLW0053,PC-5833,Logon
{X6E9-N8MI94CE-7048DMLY},01/04/2010 7:59,KES0729,PC-0795,Logon
{S2D9-E0LR72ZQ-2509NCXF},01/04/2010 7:59,KNG0672,PC-4405,Logon
{Q7U1-N7QF56JU-7503GIPN},01/04/2010 7:59,MLG0475,PC-7399,Logon
{Z6X5-F8FM45MV-2249IRDA},01/04/2010 7:59,NBC0412,PC-7207,Logon
{A0N4-T1OI14PQ-8020HNFZ},01/04/2010 7:59,NNS0059,PC-5081,Logon
{P6F3-D7FR98XC-7829HHHI},01/04/2010 7:59,PBP0002,PC-4071,Logon
{C6R0-H2WB06JB-0838RPFC},01/04/2010 7:59,PID0426,PC-9427,Logon
{D1B9-U3YK39DP-7617SRIY},01/04/2010 7:59,RAS0432,PC-9108,Logon
{H4C0-J0NM32EV-9342IQJL},01/04/2010 7:59,RVC0232,PC-4469,Logon
{Z9G7-I7AM73CW-0284GAQW},01/04/2010 7:59,TEM0977,PC-7401,Logon
{B2O2-P2WP74TW-9274CESJ},01/04/2010 7:59,JAD0609,PC-4124,Logoff
{D0B8-Q6RS95PV-0415WVAY},01/04/2010 7:59,ETR0428,PC-4124,Logon
{P0V6-Q4KH45GV-8190RCNZ},01/04/2010 8:00,AMW0392,PC-6163,Logon
{H6X8-P5IW52JV-0493GEUY},01/04/2010 8:00,CAB0388,PC-6165,Logon
{F0L8-N2TX44BY-3510HFSI},01/04/2010 8:00,CSH0626,PC-6016,Logon
{G7E4-E4VW06TA-0414HPJE},01/04/2010 8:00,DIB0081,PC-9524,Logon
{N2K9-M6TI54ZI-4010OGZF},01/04/2010 8:00,DLS0383,PC-0120,Logon
{C0A2-K5JW86UN-7732BZYX},01/04/2010 8:00,EIP0997,PC-8404,Logon
{J5V0-X2JK89SB-6296AGZF},01/04/2010 8:00,ERH0449,PC-1389,Logon
{D3P7-T0GQ62PO-1122WDMV},01/04/2010 8:00,FDE0117,PC-1772,Logon
{K9K9-S3GW33DU-5901EPLD},01/04/2010 8:00,GCC0744,PC-3935,Logon
{V4J6-P7CQ29QB-5087QHQN},01/04/2010 8:00,GCL0016,PC-9408,Logon
{W3C3-I6RC71UW-6462WICH},01/04/2010 8:00,HCV0478,PC-5977,Logon
{L9O1-I2RP11MQ-9662QIPV},01/04/2010 8:00,HPH0075,PC-2417,Logon
{V4L9-R7OY32DF-9372QLHS},01/04/2010 8:00,IRT0491,PC-3285,Logon
{J2C5-J7VK34EV-0769ITKA},01/04/2010 8:00,JKB0126,PC-1648,Logon
{E7F8-L7IU51TV-9468XMIZ},01/04/2010 8:00,KDS0349,PC-1478,Logon
{Q4H3-M5GN73OG-4303BPXI},01/04/2010 8:00,MAD0753,PC-5338,Logon
{L3J3-S5FM04YQ-1605EJZT},01/04/2010 8:00,MIC0726,PC-9791,Logon
{C4H5-N8CY45OV-0446ILKE},01/04/2010 8:00,RHO0732,PC-6232,Logon
{Q8Y4-T7WR22DZ-1767TKOS},01/04/2010 8:00,SVL0803,PC-6020,Logon
{W9F4-J6FQ82EG-0656RBXC},01/04/2010 8:00,TJD0996,PC-7107,Logon
{C4E5-B7UU85XP-7145HARD},01/04/2010 8:00,TSM0363,PC-5735,Logon
{L4H7-O3VR52ZS-1957KVPZ},01/04/2010 8:00,VMJ0546,PC-9000,Logon
{K2N1-X1KP37YB-7835SGHH},01/04/2010 8:00,WSR0241,PC-3142,Logon
{D3Z4-I6HU46RW-3863VNYC},01/04/2010 8:00,WTF0387,PC-6159,Logon
{D5U7-X9OX90FD-5625ZHGJ},01/04/2010 8:01,BRS0734,PC-4785,Logon
{I0E6-R9YR23WM-0915SLSI},01/04/2010 8:01,CTW0500,PC-9777,Logon
{H1I7-Z3BT85PM-0602PHBX},01/04/2010 8:01,HAD0246,PC-0926,Logon
{F4M0-A6XR01OY-5807ZFFE},01/04/2010 8:01,IKP0472,PC-3842,Logon
{D7A3-H3UR29JV-4497OXID},01/04/2010 8:01,KJP0371,PC-2124,Logon
{P9W7-X0UU98IN-1000BZOW},01/04/2010 8:01,KPR0497,PC-2511,Logon
{U2S7-N7HL26OP-4816HSIY},01/04/2010 8:01,YEV0793,PC-0391,Logon
{T6G0-P1JF10QQ-3641DQPA},01/04/2010 8:01,YIC0195,PC-9353,Logon
{N0O3-E2ZG78FX-6942HSUI},01/04/2010 8:02,CUD0795,PC-7779,Logon
{N9N6-N8FB27YS-2096CNHO},01/04/2010 8:02,LBC0356,PC-6250,Logon
{K7N6-N8UI64JD-6985JZDC},01/04/2010 8:02,SBN0495,PC-9658,Logon
{U7F7-Z1KE01KY-8674FCJY},01/04/2010 8:03,AMH0794,PC-2574,Logon
{A8D5-L6VH29MN-6701XGJX},01/04/2010 8:03,CBB0365,PC-5133,Logon
{C7U9-A8ML29QD-1111JOMW},01/04/2010 8:03,CKB0482,PC-7528,Logon
{W6D3-I4ZV46ZJ-3008TAAJ},01/04/2010 8:03,CNM0800,PC-9403,Logon
{S4M0-R2PN68CV-1772SWFT},01/04/2010 8:03,DMG0358,PC-9687,Logon
{Q2R6-P1IC65XG-2642SJLJ},01/04/2010 8:03,NAB0801,PC-6288,Logon